date,menu,category,orders,amount
2024-01-01,아메리카노,커피,56,252000
2024-01-01,카페라떼,라떼/기타,29,145000
2024-01-01,바닐라라떼,라떼/기타,19,104500
2024-01-01,콜드브루,커피,14,77000
2024-01-01,카푸치노,라떼/기타,10,50000
2024-01-01,녹차라떼,라떼/기타,9,49500
2024-01-01,초코라떼,라떼/기타,7,38500
2024-01-01,에스프레소,커피,6,21000
2024-01-01,디카페인 아메리카노,커피,5,25000
2024-01-02,아메리카노,커피,36,162000
2024-01-02,카페라떼,라떼/기타,20,100000
2024-01-02,바닐라라떼,라떼/기타,15,82500
2024-01-02,콜드브루,커피,8,44000
2024-01-02,카푸치노,라떼/기타,5,25000
2024-01-02,녹차라떼,라떼/기타,6,33000
2024-01-02,초코라떼,라떼/기타,5,27500
2024-01-02,에스프레소,커피,3,10500
2024-01-02,디카페인 아메리카노,커피,4,20000
2024-01-03,아메리카노,커피,47,211500
2024-01-03,카페라떼,라떼/기타,28,140000
2024-01-03,바닐라라떼,라떼/기타,12,66000
2024-01-03,콜드브루,커피,17,93500
2024-01-03,카푸치노,라떼/기타,7,35000
2024-01-03,녹차라떼,라떼/기타,8,44000
2024-01-03,초코라떼,라떼/기타,4,22000
2024-01-03,에스프레소,커피,6,21000
2024-01-03,디카페인 아메리카노,커피,3,15000
2024-01-04,아메리카노,커피,35,157500
2024-01-04,카페라떼,라떼/기타,19,95000
2024-01-04,바닐라라떼,라떼/기타,14,77000
2024-01-04,콜드브루,커피,11,60500
2024-01-04,카푸치노,라떼/기타,8,40000
2024-01-04,녹차라떼,라떼/기타,4,22000
2024-01-04,초코라떼,라떼/기타,3,16500
2024-01-04,에스프레소,커피,5,17500
2024-01-04,디카페인 아메리카노,커피,3,15000
2024-01-05,아메리카노,커피,33,148500
2024-01-05,카페라떼,라떼/기타,19,95000
2024-01-05,바닐라라떼,라떼/기타,22,121000
2024-01-05,콜드브루,커피,15,82500
2024-01-05,카푸치노,라떼/기타,9,45000
2024-01-05,녹차라떼,라떼/기타,8,44000
2024-01-05,초코라떼,라떼/기타,5,27500
2024-01-05,에스프레소,커피,6,21000
2024-01-05,디카페인 아메리카노,커피,4,20000
2024-01-06,아메리카노,커피,49,220500
2024-01-06,카페라떼,라떼/기타,28,140000
2024-01-06,바닐라라떼,라떼/기타,21,115500
2024-01-06,콜드브루,커피,12,66000
2024-01-06,카푸치노,라떼/기타,8,40000
2024-01-06,녹차라떼,라떼/기타,7,38500
2024-01-06,초코라떼,라떼/기타,8,44000
2024-01-06,에스프레소,커피,4,14000
2024-01-06,디카페인 아메리카노,커피,5,25000
2024-01-07,아메리카노,커피,38,171000
2024-01-07,카페라떼,라떼/기타,21,105000
2024-01-07,바닐라라떼,라떼/기타,8,44000
2024-01-07,콜드브루,커피,14,77000
2024-01-07,카푸치노,라떼/기타,9,45000
2024-01-07,녹차라떼,라떼/기타,5,27500
2024-01-07,초코라떼,라떼/기타,6,33000
2024-01-07,에스프레소,커피,4,14000
2024-01-07,디카페인 아메리카노,커피,4,20000
2024-01-08,아메리카노,커피,33,148500
2024-01-08,카페라떼,라떼/기타,27,135000
2024-01-08,바닐라라떼,라떼/기타,13,71500
2024-01-08,콜드브루,커피,12,66000
2024-01-08,카푸치노,라떼/기타,8,40000
2024-01-08,녹차라떼,라떼/기타,8,44000
2024-01-08,초코라떼,라떼/기타,6,33000
2024-01-08,에스프레소,커피,3,10500
2024-01-08,디카페인 아메리카노,커피,3,15000
2024-01-09,아메리카노,커피,29,130500
2024-01-09,카페라떼,라떼/기타,20,100000
2024-01-09,바닐라라떼,라떼/기타,11,60500
2024-01-09,콜드브루,커피,11,60500
2024-01-09,카푸치노,라떼/기타,8,40000
2024-01-09,녹차라떼,라떼/기타,4,22000
2024-01-09,초코라떼,라떼/기타,3,16500
2024-01-09,에스프레소,커피,4,14000
2024-01-09,디카페인 아메리카노,커피,3,15000
2024-01-10,아메리카노,커피,42,189000
2024-01-10,카페라떼,라떼/기타,14,70000
2024-01-10,바닐라라떼,라떼/기타,14,77000
2024-01-10,콜드브루,커피,8,44000
2024-01-10,카푸치노,라떼/기타,7,35000
2024-01-10,녹차라떼,라떼/기타,7,38500
2024-01-10,초코라떼,라떼/기타,6,33000
2024-01-10,에스프레소,커피,4,14000
2024-01-10,디카페인 아메리카노,커피,3,15000
2024-01-11,아메리카노,커피,46,207000
2024-01-11,카페라떼,라떼/기타,23,115000
2024-01-11,바닐라라떼,라떼/기타,15,82500
2024-01-11,콜드브루,커피,17,93500
2024-01-11,카푸치노,라떼/기타,9,45000
2024-01-11,녹차라떼,라떼/기타,7,38500
2024-01-11,초코라떼,라떼/기타,5,27500
2024-01-11,에스프레소,커피,4,14000
2024-01-11,디카페인 아메리카노,커피,3,15000
2024-01-12,아메리카노,커피,57,256500
2024-01-12,카페라떼,라떼/기타,30,150000
2024-01-12,바닐라라떼,라떼/기타,18,99000
2024-01-12,콜드브루,커피,12,66000
2024-01-12,카푸치노,라떼/기타,7,35000
2024-01-12,녹차라떼,라떼/기타,10,55000
2024-01-12,초코라떼,라떼/기타,7,38500
2024-01-12,에스프레소,커피,5,17500
2024-01-12,디카페인 아메리카노,커피,3,15000
2024-01-13,아메리카노,커피,62,279000
2024-01-13,카페라떼,라떼/기타,32,160000
2024-01-13,바닐라라떼,라떼/기타,14,77000
2024-01-13,콜드브루,커피,17,93500
2024-01-13,카푸치노,라떼/기타,8,40000
2024-01-13,녹차라떼,라떼/기타,10,55000
2024-01-13,초코라떼,라떼/기타,7,38500
2024-01-13,에스프레소,커피,7,24500
2024-01-13,디카페인 아메리카노,커피,3,15000
2024-01-14,아메리카노,커피,29,130500
2024-01-14,카페라떼,라떼/기타,22,110000
2024-01-14,바닐라라떼,라떼/기타,12,66000
2024-01-14,콜드브루,커피,7,38500
2024-01-14,카푸치노,라떼/기타,10,50000
2024-01-14,녹차라떼,라떼/기타,4,22000
2024-01-14,초코라떼,라떼/기타,5,27500
2024-01-14,에스프레소,커피,5,17500
2024-01-14,디카페인 아메리카노,커피,3,15000
2024-01-15,아메리카노,커피,25,112500
2024-01-15,카페라떼,라떼/기타,22,110000
2024-01-15,바닐라라떼,라떼/기타,11,60500
2024-01-15,콜드브루,커피,11,60500
2024-01-15,카푸치노,라떼/기타,8,40000
2024-01-15,녹차라떼,라떼/기타,8,44000
2024-01-15,초코라떼,라떼/기타,5,27500
2024-01-15,에스프레소,커피,3,10500
2024-01-15,디카페인 아메리카노,커피,3,15000
2024-01-16,아메리카노,커피,39,175500
2024-01-16,카페라떼,라떼/기타,24,120000
2024-01-16,바닐라라떼,라떼/기타,12,66000
2024-01-16,콜드브루,커피,9,49500
2024-01-16,카푸치노,라떼/기타,7,35000
2024-01-16,녹차라떼,라떼/기타,7,38500
2024-01-16,초코라떼,라떼/기타,4,22000
2024-01-16,에스프레소,커피,4,14000
2024-01-16,디카페인 아메리카노,커피,2,10000
2024-01-17,아메리카노,커피,44,198000
2024-01-17,카페라떼,라떼/기타,17,85000
2024-01-17,바닐라라떼,라떼/기타,10,55000
2024-01-17,콜드브루,커피,9,49500
2024-01-17,카푸치노,라떼/기타,3,15000
2024-01-17,녹차라떼,라떼/기타,7,38500
2024-01-17,초코라떼,라떼/기타,5,27500
2024-01-17,에스프레소,커피,5,17500
2024-01-17,디카페인 아메리카노,커피,3,15000
2024-01-18,아메리카노,커피,22,99000
2024-01-18,카페라떼,라떼/기타,24,120000
2024-01-18,바닐라라떼,라떼/기타,12,66000
2024-01-18,콜드브루,커피,10,55000
2024-01-18,카푸치노,라떼/기타,8,40000
2024-01-18,녹차라떼,라떼/기타,8,44000
2024-01-18,초코라떼,라떼/기타,4,22000
2024-01-18,에스프레소,커피,3,10500
2024-01-18,디카페인 아메리카노,커피,3,15000
2024-01-19,아메리카노,커피,47,211500
2024-01-19,카페라떼,라떼/기타,21,105000
2024-01-19,바닐라라떼,라떼/기타,6,33000
2024-01-19,콜드브루,커피,14,77000
2024-01-19,카푸치노,라떼/기타,9,45000
2024-01-19,녹차라떼,라떼/기타,4,22000
2024-01-19,초코라떼,라떼/기타,5,27500
2024-01-19,에스프레소,커피,5,17500
2024-01-19,디카페인 아메리카노,커피,3,15000
2024-01-20,아메리카노,커피,52,234000
2024-01-20,카페라떼,라떼/기타,31,155000
2024-01-20,바닐라라떼,라떼/기타,20,110000
2024-01-20,콜드브루,커피,15,82500
2024-01-20,카푸치노,라떼/기타,9,45000
2024-01-20,녹차라떼,라떼/기타,9,49500
2024-01-20,초코라떼,라떼/기타,9,49500
2024-01-20,에스프레소,커피,6,21000
2024-01-20,디카페인 아메리카노,커피,2,10000
2024-01-21,아메리카노,커피,50,225000
2024-01-21,카페라떼,라떼/기타,18,90000
2024-01-21,바닐라라떼,라떼/기타,15,82500
2024-01-21,콜드브루,커피,13,71500
2024-01-21,카푸치노,라떼/기타,10,50000
2024-01-21,녹차라떼,라떼/기타,8,44000
2024-01-21,초코라떼,라떼/기타,8,44000
2024-01-21,에스프레소,커피,8,28000
2024-01-21,디카페인 아메리카노,커피,5,25000
2024-01-22,아메리카노,커피,34,153000
2024-01-22,카페라떼,라떼/기타,25,125000
2024-01-22,바닐라라떼,라떼/기타,13,71500
2024-01-22,콜드브루,커피,10,55000
2024-01-22,카푸치노,라떼/기타,9,45000
2024-01-22,녹차라떼,라떼/기타,7,38500
2024-01-22,초코라떼,라떼/기타,3,16500
2024-01-22,에스프레소,커피,3,10500
2024-01-22,디카페인 아메리카노,커피,2,10000
2024-01-23,아메리카노,커피,35,157500
2024-01-23,카페라떼,라떼/기타,11,55000
2024-01-23,바닐라라떼,라떼/기타,11,60500
2024-01-23,콜드브루,커피,12,66000
2024-01-23,카푸치노,라떼/기타,7,35000
2024-01-23,녹차라떼,라떼/기타,7,38500
2024-01-23,초코라떼,라떼/기타,7,38500
2024-01-23,에스프레소,커피,4,14000
2024-01-23,디카페인 아메리카노,커피,3,15000
2024-01-24,아메리카노,커피,44,198000
2024-01-24,카페라떼,라떼/기타,22,110000
2024-01-24,바닐라라떼,라떼/기타,15,82500
2024-01-24,콜드브루,커피,12,66000
2024-01-24,카푸치노,라떼/기타,11,55000
2024-01-24,녹차라떼,라떼/기타,1,5500
2024-01-24,초코라떼,라떼/기타,5,27500
2024-01-24,에스프레소,커피,5,17500
2024-01-24,디카페인 아메리카노,커피,2,10000
2024-01-25,아메리카노,커피,26,117000
2024-01-25,카페라떼,라떼/기타,19,95000
2024-01-25,바닐라라떼,라떼/기타,16,88000
2024-01-25,콜드브루,커피,12,66000
2024-01-25,카푸치노,라떼/기타,7,35000
2024-01-25,녹차라떼,라떼/기타,7,38500
2024-01-25,초코라떼,라떼/기타,4,22000
2024-01-25,에스프레소,커피,4,14000
2024-01-25,디카페인 아메리카노,커피,3,15000
2024-01-26,아메리카노,커피,64,288000
2024-01-26,카페라떼,라떼/기타,34,170000
2024-01-26,바닐라라떼,라떼/기타,20,110000
2024-01-26,콜드브루,커피,15,82500
2024-01-26,카푸치노,라떼/기타,9,45000
2024-01-26,녹차라떼,라떼/기타,8,44000
2024-01-26,초코라떼,라떼/기타,6,33000
2024-01-26,에스프레소,커피,4,14000
2024-01-26,디카페인 아메리카노,커피,4,20000
2024-01-27,아메리카노,커피,34,153000
2024-01-27,카페라떼,라떼/기타,22,110000
2024-01-27,바닐라라떼,라떼/기타,10,55000
2024-01-27,콜드브루,커피,14,77000
2024-01-27,카푸치노,라떼/기타,8,40000
2024-01-27,녹차라떼,라떼/기타,5,27500
2024-01-27,초코라떼,라떼/기타,4,22000
2024-01-27,에스프레소,커피,4,14000
2024-01-27,디카페인 아메리카노,커피,4,20000
2024-01-28,아메리카노,커피,43,193500
2024-01-28,카페라떼,라떼/기타,30,150000
2024-01-28,바닐라라떼,라떼/기타,11,60500
2024-01-28,콜드브루,커피,8,44000
2024-01-28,카푸치노,라떼/기타,8,40000
2024-01-28,녹차라떼,라떼/기타,7,38500
2024-01-28,초코라떼,라떼/기타,4,22000
2024-01-28,에스프레소,커피,5,17500
2024-01-28,디카페인 아메리카노,커피,4,20000
2024-01-29,아메리카노,커피,42,189000
2024-01-29,카페라떼,라떼/기타,17,85000
2024-01-29,바닐라라떼,라떼/기타,9,49500
2024-01-29,콜드브루,커피,7,38500
2024-01-29,카푸치노,라떼/기타,7,35000
2024-01-29,녹차라떼,라떼/기타,5,27500
2024-01-29,초코라떼,라떼/기타,2,11000
2024-01-29,에스프레소,커피,3,10500
2024-01-29,디카페인 아메리카노,커피,3,15000
2024-01-30,아메리카노,커피,32,144000
2024-01-30,카페라떼,라떼/기타,18,90000
2024-01-30,바닐라라떼,라떼/기타,14,77000
2024-01-30,콜드브루,커피,11,60500
2024-01-30,카푸치노,라떼/기타,5,25000
2024-01-30,녹차라떼,라떼/기타,8,44000
2024-01-30,초코라떼,라떼/기타,5,27500
2024-01-30,에스프레소,커피,4,14000
2024-01-30,디카페인 아메리카노,커피,3,15000
2024-01-31,아메리카노,커피,42,189000
2024-01-31,카페라떼,라떼/기타,15,75000
2024-01-31,바닐라라떼,라떼/기타,12,66000
2024-01-31,콜드브루,커피,13,71500
2024-01-31,카푸치노,라떼/기타,7,35000
2024-01-31,녹차라떼,라떼/기타,3,16500
2024-01-31,초코라떼,라떼/기타,6,33000
2024-01-31,에스프레소,커피,5,17500
2024-01-31,디카페인 아메리카노,커피,2,10000
2024-02-01,아메리카노,커피,38,171000
2024-02-01,카페라떼,라떼/기타,17,85000
2024-02-01,바닐라라떼,라떼/기타,14,77000
2024-02-01,콜드브루,커피,12,66000
2024-02-01,카푸치노,라떼/기타,9,45000
2024-02-01,녹차라떼,라떼/기타,5,27500
2024-02-01,초코라떼,라떼/기타,4,22000
2024-02-01,에스프레소,커피,4,14000
2024-02-01,디카페인 아메리카노,커피,4,20000
2024-02-02,아메리카노,커피,48,216000
2024-02-02,카페라떼,라떼/기타,31,155000
2024-02-02,바닐라라떼,라떼/기타,23,126500
2024-02-02,콜드브루,커피,16,88000
2024-02-02,카푸치노,라떼/기타,13,65000
2024-02-02,녹차라떼,라떼/기타,5,27500
2024-02-02,초코라떼,라떼/기타,6,33000
2024-02-02,에스프레소,커피,7,24500
2024-02-02,디카페인 아메리카노,커피,5,25000
2024-02-03,아메리카노,커피,64,288000
2024-02-03,카페라떼,라떼/기타,36,180000
2024-02-03,바닐라라떼,라떼/기타,18,99000
2024-02-03,콜드브루,커피,15,82500
2024-02-03,카푸치노,라떼/기타,10,50000
2024-02-03,녹차라떼,라떼/기타,12,66000
2024-02-03,초코라떼,라떼/기타,8,44000
2024-02-03,에스프레소,커피,6,21000
2024-02-03,디카페인 아메리카노,커피,5,25000
2024-02-04,아메리카노,커피,40,180000
2024-02-04,카페라떼,라떼/기타,27,135000
2024-02-04,바닐라라떼,라떼/기타,11,60500
2024-02-04,콜드브루,커피,10,55000
2024-02-04,카푸치노,라떼/기타,9,45000
2024-02-04,녹차라떼,라떼/기타,4,22000
2024-02-04,초코라떼,라떼/기타,4,22000
2024-02-04,에스프레소,커피,6,21000
2024-02-04,디카페인 아메리카노,커피,3,15000
2024-02-05,아메리카노,커피,41,184500
2024-02-05,카페라떼,라떼/기타,24,120000
2024-02-05,바닐라라떼,라떼/기타,12,66000
2024-02-05,콜드브루,커피,9,49500
2024-02-05,카푸치노,라떼/기타,7,35000
2024-02-05,녹차라떼,라떼/기타,5,27500
2024-02-05,초코라떼,라떼/기타,5,27500
2024-02-05,에스프레소,커피,4,14000
2024-02-05,디카페인 아메리카노,커피,1,5000
2024-02-06,아메리카노,커피,29,130500
2024-02-06,카페라떼,라떼/기타,18,90000
2024-02-06,바닐라라떼,라떼/기타,10,55000
2024-02-06,콜드브루,커피,9,49500
2024-02-06,카푸치노,라떼/기타,6,30000
2024-02-06,녹차라떼,라떼/기타,4,22000
2024-02-06,초코라떼,라떼/기타,3,16500
2024-02-06,에스프레소,커피,2,7000
2024-02-06,디카페인 아메리카노,커피,2,10000
2024-02-07,아메리카노,커피,35,157500
2024-02-07,카페라떼,라떼/기타,19,95000
2024-02-07,바닐라라떼,라떼/기타,11,60500
2024-02-07,콜드브루,커피,13,71500
2024-02-07,카푸치노,라떼/기타,7,35000
2024-02-07,녹차라떼,라떼/기타,6,33000
2024-02-07,초코라떼,라떼/기타,4,22000
2024-02-07,에스프레소,커피,3,10500
2024-02-07,디카페인 아메리카노,커피,3,15000
2024-02-08,아메리카노,커피,28,126000
2024-02-08,카페라떼,라떼/기타,20,100000
2024-02-08,바닐라라떼,라떼/기타,17,93500
2024-02-08,콜드브루,커피,9,49500
2024-02-08,카푸치노,라떼/기타,9,45000
2024-02-08,녹차라떼,라떼/기타,4,22000
2024-02-08,초코라떼,라떼/기타,6,33000
2024-02-08,에스프레소,커피,5,17500
2024-02-08,디카페인 아메리카노,커피,2,10000
2024-02-09,아메리카노,커피,68,306000
2024-02-09,카페라떼,라떼/기타,47,235000
2024-02-09,바닐라라떼,라떼/기타,14,77000
2024-02-09,콜드브루,커피,16,88000
2024-02-09,카푸치노,라떼/기타,16,80000
2024-02-09,녹차라떼,라떼/기타,8,44000
2024-02-09,초코라떼,라떼/기타,8,44000
2024-02-09,에스프레소,커피,8,28000
2024-02-09,디카페인 아메리카노,커피,5,25000
2024-02-10,아메리카노,커피,62,279000
2024-02-10,카페라떼,라떼/기타,42,210000
2024-02-10,바닐라라떼,라떼/기타,28,154000
2024-02-10,콜드브루,커피,21,115500
2024-02-10,카푸치노,라떼/기타,14,70000
2024-02-10,녹차라떼,라떼/기타,13,71500
2024-02-10,초코라떼,라떼/기타,8,44000
2024-02-10,에스프레소,커피,9,31500
2024-02-10,디카페인 아메리카노,커피,5,25000
2024-02-11,아메리카노,커피,49,220500
2024-02-11,카페라떼,라떼/기타,29,145000
2024-02-11,바닐라라떼,라떼/기타,9,49500
2024-02-11,콜드브루,커피,13,71500
2024-02-11,카푸치노,라떼/기타,10,50000
2024-02-11,녹차라떼,라떼/기타,5,27500
2024-02-11,초코라떼,라떼/기타,7,38500
2024-02-11,에스프레소,커피,5,17500
2024-02-11,디카페인 아메리카노,커피,4,20000
2024-02-12,아메리카노,커피,45,202500
2024-02-12,카페라떼,라떼/기타,26,130000
2024-02-12,바닐라라떼,라떼/기타,17,93500
2024-02-12,콜드브루,커피,13,71500
2024-02-12,카푸치노,라떼/기타,9,45000
2024-02-12,녹차라떼,라떼/기타,8,44000
2024-02-12,초코라떼,라떼/기타,7,38500
2024-02-12,에스프레소,커피,3,10500
2024-02-12,디카페인 아메리카노,커피,3,15000
2024-02-13,아메리카노,커피,43,193500
2024-02-13,카페라떼,라떼/기타,17,85000
2024-02-13,바닐라라떼,라떼/기타,13,71500
2024-02-13,콜드브루,커피,11,60500
2024-02-13,카푸치노,라떼/기타,8,40000
2024-02-13,녹차라떼,라떼/기타,4,22000
2024-02-13,초코라떼,라떼/기타,4,22000
2024-02-13,에스프레소,커피,4,14000
2024-02-13,디카페인 아메리카노,커피,3,15000
2024-02-14,아메리카노,커피,41,184500
2024-02-14,카페라떼,라떼/기타,29,145000
2024-02-14,바닐라라떼,라떼/기타,12,66000
2024-02-14,콜드브루,커피,12,66000
2024-02-14,카푸치노,라떼/기타,6,30000
2024-02-14,녹차라떼,라떼/기타,9,49500
2024-02-14,초코라떼,라떼/기타,6,33000
2024-02-14,에스프레소,커피,6,21000
2024-02-14,디카페인 아메리카노,커피,2,10000
2024-02-15,아메리카노,커피,37,166500
2024-02-15,카페라떼,라떼/기타,18,90000
2024-02-15,바닐라라떼,라떼/기타,12,66000
2024-02-15,콜드브루,커피,9,49500
2024-02-15,카푸치노,라떼/기타,6,30000
2024-02-15,녹차라떼,라떼/기타,6,33000
2024-02-15,초코라떼,라떼/기타,6,33000
2024-02-15,에스프레소,커피,4,14000
2024-02-15,디카페인 아메리카노,커피,3,15000
2024-02-16,아메리카노,커피,43,193500
2024-02-16,카페라떼,라떼/기타,18,90000
2024-02-16,바닐라라떼,라떼/기타,12,66000
2024-02-16,콜드브루,커피,16,88000
2024-02-16,카푸치노,라떼/기타,9,45000
2024-02-16,녹차라떼,라떼/기타,6,33000
2024-02-16,초코라떼,라떼/기타,7,38500
2024-02-16,에스프레소,커피,4,14000
2024-02-16,디카페인 아메리카노,커피,4,20000
2024-02-17,아메리카노,커피,61,274500
2024-02-17,카페라떼,라떼/기타,45,225000
2024-02-17,바닐라라떼,라떼/기타,22,121000
2024-02-17,콜드브루,커피,19,104500
2024-02-17,카푸치노,라떼/기타,16,80000
2024-02-17,녹차라떼,라떼/기타,10,55000
2024-02-17,초코라떼,라떼/기타,9,49500
2024-02-17,에스프레소,커피,8,28000
2024-02-17,디카페인 아메리카노,커피,4,20000
2024-02-18,아메리카노,커피,50,225000
2024-02-18,카페라떼,라떼/기타,20,100000
2024-02-18,바닐라라떼,라떼/기타,14,77000
2024-02-18,콜드브루,커피,16,88000
2024-02-18,카푸치노,라떼/기타,9,45000
2024-02-18,녹차라떼,라떼/기타,8,44000
2024-02-18,초코라떼,라떼/기타,4,22000
2024-02-18,에스프레소,커피,5,17500
2024-02-18,디카페인 아메리카노,커피,3,15000
2024-02-19,아메리카노,커피,31,139500
2024-02-19,카페라떼,라떼/기타,14,70000
2024-02-19,바닐라라떼,라떼/기타,10,55000
2024-02-19,콜드브루,커피,9,49500
2024-02-19,카푸치노,라떼/기타,10,50000
2024-02-19,녹차라떼,라떼/기타,7,38500
2024-02-19,초코라떼,라떼/기타,5,27500
2024-02-19,에스프레소,커피,4,14000
2024-02-19,디카페인 아메리카노,커피,3,15000
2024-02-20,아메리카노,커피,34,153000
2024-02-20,카페라떼,라떼/기타,24,120000
2024-02-20,바닐라라떼,라떼/기타,12,66000
2024-02-20,콜드브루,커피,10,55000
2024-02-20,카푸치노,라떼/기타,11,55000
2024-02-20,녹차라떼,라떼/기타,9,49500
2024-02-20,초코라떼,라떼/기타,3,16500
2024-02-20,에스프레소,커피,5,17500
2024-02-20,디카페인 아메리카노,커피,3,15000
2024-02-21,아메리카노,커피,39,175500
2024-02-21,카페라떼,라떼/기타,24,120000
2024-02-21,바닐라라떼,라떼/기타,9,49500
2024-02-21,콜드브루,커피,8,44000
2024-02-21,카푸치노,라떼/기타,10,50000
2024-02-21,녹차라떼,라떼/기타,7,38500
2024-02-21,초코라떼,라떼/기타,5,27500
2024-02-21,에스프레소,커피,4,14000
2024-02-21,디카페인 아메리카노,커피,3,15000
2024-02-22,아메리카노,커피,45,202500
2024-02-22,카페라떼,라떼/기타,38,190000
2024-02-22,바닐라라떼,라떼/기타,17,93500
2024-02-22,콜드브루,커피,13,71500
2024-02-22,카푸치노,라떼/기타,14,70000
2024-02-22,녹차라떼,라떼/기타,10,55000
2024-02-22,초코라떼,라떼/기타,8,44000
2024-02-22,에스프레소,커피,6,21000
2024-02-22,디카페인 아메리카노,커피,5,25000
2024-02-23,아메리카노,커피,54,243000
2024-02-23,카페라떼,라떼/기타,25,125000
2024-02-23,바닐라라떼,라떼/기타,11,60500
2024-02-23,콜드브루,커피,12,66000
2024-02-23,카푸치노,라떼/기타,5,25000
2024-02-23,녹차라떼,라떼/기타,7,38500
2024-02-23,초코라떼,라떼/기타,8,44000
2024-02-23,에스프레소,커피,5,17500
2024-02-23,디카페인 아메리카노,커피,3,15000
2024-02-24,아메리카노,커피,61,274500
2024-02-24,카페라떼,라떼/기타,37,185000
2024-02-24,바닐라라떼,라떼/기타,13,71500
2024-02-24,콜드브루,커피,19,104500
2024-02-24,카푸치노,라떼/기타,13,65000
2024-02-24,녹차라떼,라떼/기타,7,38500
2024-02-24,초코라떼,라떼/기타,6,33000
2024-02-24,에스프레소,커피,3,10500
2024-02-24,디카페인 아메리카노,커피,4,20000
2024-02-25,아메리카노,커피,47,211500
2024-02-25,카페라떼,라떼/기타,24,120000
2024-02-25,바닐라라떼,라떼/기타,13,71500
2024-02-25,콜드브루,커피,9,49500
2024-02-25,카푸치노,라떼/기타,9,45000
2024-02-25,녹차라떼,라떼/기타,7,38500
2024-02-25,초코라떼,라떼/기타,7,38500
2024-02-25,에스프레소,커피,5,17500
2024-02-25,디카페인 아메리카노,커피,2,10000
2024-02-26,아메리카노,커피,46,207000
2024-02-26,카페라떼,라떼/기타,22,110000
2024-02-26,바닐라라떼,라떼/기타,9,49500
2024-02-26,콜드브루,커피,10,55000
2024-02-26,카푸치노,라떼/기타,8,40000
2024-02-26,녹차라떼,라떼/기타,10,55000
2024-02-26,초코라떼,라떼/기타,6,33000
2024-02-26,에스프레소,커피,3,10500
2024-02-26,디카페인 아메리카노,커피,3,15000
2024-02-27,아메리카노,커피,60,270000
2024-02-27,카페라떼,라떼/기타,20,100000
2024-02-27,바닐라라떼,라떼/기타,8,44000
2024-02-27,콜드브루,커피,8,44000
2024-02-27,카푸치노,라떼/기타,5,25000
2024-02-27,녹차라떼,라떼/기타,9,49500
2024-02-27,초코라떼,라떼/기타,5,27500
2024-02-27,에스프레소,커피,3,10500
2024-02-27,디카페인 아메리카노,커피,3,15000
2024-02-28,아메리카노,커피,33,148500
2024-02-28,카페라떼,라떼/기타,18,90000
2024-02-28,바닐라라떼,라떼/기타,8,44000
2024-02-28,콜드브루,커피,11,60500
2024-02-28,카푸치노,라떼/기타,6,30000
2024-02-28,녹차라떼,라떼/기타,7,38500
2024-02-28,초코라떼,라떼/기타,6,33000
2024-02-28,에스프레소,커피,3,10500
2024-02-28,디카페인 아메리카노,커피,3,15000
2024-02-29,아메리카노,커피,19,85500
2024-02-29,카페라떼,라떼/기타,36,180000
2024-02-29,바닐라라떼,라떼/기타,15,82500
2024-02-29,콜드브루,커피,16,88000
2024-02-29,카푸치노,라떼/기타,9,45000
2024-02-29,녹차라떼,라떼/기타,5,27500
2024-02-29,초코라떼,라떼/기타,7,38500
2024-02-29,에스프레소,커피,4,14000
2024-02-29,디카페인 아메리카노,커피,3,15000
2024-03-01,아메리카노,커피,79,355500
2024-03-01,카페라떼,라떼/기타,38,190000
2024-03-01,바닐라라떼,라떼/기타,16,88000
2024-03-01,콜드브루,커피,16,88000
2024-03-01,카푸치노,라떼/기타,17,85000
2024-03-01,녹차라떼,라떼/기타,14,77000
2024-03-01,초코라떼,라떼/기타,8,44000
2024-03-01,에스프레소,커피,5,17500
2024-03-01,디카페인 아메리카노,커피,7,35000
2024-03-02,아메리카노,커피,68,306000
2024-03-02,카페라떼,라떼/기타,43,215000
2024-03-02,바닐라라떼,라떼/기타,21,115500
2024-03-02,콜드브루,커피,22,121000
2024-03-02,카푸치노,라떼/기타,7,35000
2024-03-02,녹차라떼,라떼/기타,7,38500
2024-03-02,초코라떼,라떼/기타,10,55000
2024-03-02,에스프레소,커피,9,31500
2024-03-02,디카페인 아메리카노,커피,8,40000
2024-03-03,아메리카노,커피,38,171000
2024-03-03,카페라떼,라떼/기타,27,135000
2024-03-03,바닐라라떼,라떼/기타,19,104500
2024-03-03,콜드브루,커피,16,88000
2024-03-03,카푸치노,라떼/기타,9,45000
2024-03-03,녹차라떼,라떼/기타,8,44000
2024-03-03,초코라떼,라떼/기타,7,38500
2024-03-03,에스프레소,커피,4,14000
2024-03-03,디카페인 아메리카노,커피,4,20000
2024-03-04,아메리카노,커피,35,157500
2024-03-04,카페라떼,라떼/기타,20,100000
2024-03-04,바닐라라떼,라떼/기타,11,60500
2024-03-04,콜드브루,커피,10,55000
2024-03-04,카푸치노,라떼/기타,8,40000
2024-03-04,녹차라떼,라떼/기타,7,38500
2024-03-04,초코라떼,라떼/기타,5,27500
2024-03-04,에스프레소,커피,3,10500
2024-03-04,디카페인 아메리카노,커피,4,20000
2024-03-05,아메리카노,커피,48,216000
2024-03-05,카페라떼,라떼/기타,31,155000
2024-03-05,바닐라라떼,라떼/기타,16,88000
2024-03-05,콜드브루,커피,14,77000
2024-03-05,카푸치노,라떼/기타,8,40000
2024-03-05,녹차라떼,라떼/기타,4,22000
2024-03-05,초코라떼,라떼/기타,5,27500
2024-03-05,에스프레소,커피,4,14000
2024-03-05,디카페인 아메리카노,커피,4,20000
2024-03-06,아메리카노,커피,30,135000
2024-03-06,카페라떼,라떼/기타,20,100000
2024-03-06,바닐라라떼,라떼/기타,14,77000
2024-03-06,콜드브루,커피,12,66000
2024-03-06,카푸치노,라떼/기타,9,45000
2024-03-06,녹차라떼,라떼/기타,6,33000
2024-03-06,초코라떼,라떼/기타,6,33000
2024-03-06,에스프레소,커피,5,17500
2024-03-06,디카페인 아메리카노,커피,3,15000
2024-03-07,아메리카노,커피,55,247500
2024-03-07,카페라떼,라떼/기타,20,100000
2024-03-07,바닐라라떼,라떼/기타,18,99000
2024-03-07,콜드브루,커피,15,82500
2024-03-07,카푸치노,라떼/기타,7,35000
2024-03-07,녹차라떼,라떼/기타,8,44000
2024-03-07,초코라떼,라떼/기타,8,44000
2024-03-07,에스프레소,커피,5,17500
2024-03-07,디카페인 아메리카노,커피,4,20000
2024-03-08,아메리카노,커피,72,324000
2024-03-08,카페라떼,라떼/기타,44,220000
2024-03-08,바닐라라떼,라떼/기타,16,88000
2024-03-08,콜드브루,커피,14,77000
2024-03-08,카푸치노,라떼/기타,11,55000
2024-03-08,녹차라떼,라떼/기타,9,49500
2024-03-08,초코라떼,라떼/기타,7,38500
2024-03-08,에스프레소,커피,5,17500
2024-03-08,디카페인 아메리카노,커피,3,15000
2024-03-09,아메리카노,커피,63,283500
2024-03-09,카페라떼,라떼/기타,35,175000
2024-03-09,바닐라라떼,라떼/기타,13,71500
2024-03-09,콜드브루,커피,22,121000
2024-03-09,카푸치노,라떼/기타,10,50000
2024-03-09,녹차라떼,라떼/기타,7,38500
2024-03-09,초코라떼,라떼/기타,8,44000
2024-03-09,에스프레소,커피,8,28000
2024-03-09,디카페인 아메리카노,커피,4,20000
2024-03-10,아메리카노,커피,27,121500
2024-03-10,카페라떼,라떼/기타,15,75000
2024-03-10,바닐라라떼,라떼/기타,13,71500
2024-03-10,콜드브루,커피,11,60500
2024-03-10,카푸치노,라떼/기타,9,45000
2024-03-10,녹차라떼,라떼/기타,7,38500
2024-03-10,초코라떼,라떼/기타,3,16500
2024-03-10,에스프레소,커피,5,17500
2024-03-10,디카페인 아메리카노,커피,2,10000
2024-03-11,아메리카노,커피,48,216000
2024-03-11,카페라떼,라떼/기타,32,160000
2024-03-11,바닐라라떼,라떼/기타,16,88000
2024-03-11,콜드브루,커피,10,55000
2024-03-11,카푸치노,라떼/기타,8,40000
2024-03-11,녹차라떼,라떼/기타,7,38500
2024-03-11,초코라떼,라떼/기타,8,44000
2024-03-11,에스프레소,커피,5,17500
2024-03-11,디카페인 아메리카노,커피,3,15000
2024-03-12,아메리카노,커피,40,180000
2024-03-12,카페라떼,라떼/기타,29,145000
2024-03-12,바닐라라떼,라떼/기타,15,82500
2024-03-12,콜드브루,커피,8,44000
2024-03-12,카푸치노,라떼/기타,11,55000
2024-03-12,녹차라떼,라떼/기타,8,44000
2024-03-12,초코라떼,라떼/기타,4,22000
2024-03-12,에스프레소,커피,4,14000
2024-03-12,디카페인 아메리카노,커피,2,10000
2024-03-13,아메리카노,커피,44,198000
2024-03-13,카페라떼,라떼/기타,19,95000
2024-03-13,바닐라라떼,라떼/기타,12,66000
2024-03-13,콜드브루,커피,10,55000
2024-03-13,카푸치노,라떼/기타,5,25000
2024-03-13,녹차라떼,라떼/기타,6,33000
2024-03-13,초코라떼,라떼/기타,5,27500
2024-03-13,에스프레소,커피,2,7000
2024-03-13,디카페인 아메리카노,커피,2,10000
2024-03-14,아메리카노,커피,43,193500
2024-03-14,카페라떼,라떼/기타,19,95000
2024-03-14,바닐라라떼,라떼/기타,13,71500
2024-03-14,콜드브루,커피,13,71500
2024-03-14,카푸치노,라떼/기타,9,45000
2024-03-14,녹차라떼,라떼/기타,10,55000
2024-03-14,초코라떼,라떼/기타,5,27500
2024-03-14,에스프레소,커피,6,21000
2024-03-14,디카페인 아메리카노,커피,4,20000
2024-03-15,아메리카노,커피,56,252000
2024-03-15,카페라떼,라떼/기타,27,135000
2024-03-15,바닐라라떼,라떼/기타,22,121000
2024-03-15,콜드브루,커피,19,104500
2024-03-15,카푸치노,라떼/기타,13,65000
2024-03-15,녹차라떼,라떼/기타,10,55000
2024-03-15,초코라떼,라떼/기타,9,49500
2024-03-15,에스프레소,커피,5,17500
2024-03-15,디카페인 아메리카노,커피,6,30000
2024-03-16,아메리카노,커피,73,328500
2024-03-16,카페라떼,라떼/기타,34,170000
2024-03-16,바닐라라떼,라떼/기타,17,93500
2024-03-16,콜드브루,커피,14,77000
2024-03-16,카푸치노,라떼/기타,11,55000
2024-03-16,녹차라떼,라떼/기타,14,77000
2024-03-16,초코라떼,라떼/기타,8,44000
2024-03-16,에스프레소,커피,5,17500
2024-03-16,디카페인 아메리카노,커피,6,30000
2024-03-17,아메리카노,커피,47,211500
2024-03-17,카페라떼,라떼/기타,33,165000
2024-03-17,바닐라라떼,라떼/기타,25,137500
2024-03-17,콜드브루,커피,16,88000
2024-03-17,카푸치노,라떼/기타,12,60000
2024-03-17,녹차라떼,라떼/기타,10,55000
2024-03-17,초코라떼,라떼/기타,6,33000
2024-03-17,에스프레소,커피,6,21000
2024-03-17,디카페인 아메리카노,커피,3,15000
2024-03-18,아메리카노,커피,37,166500
2024-03-18,카페라떼,라떼/기타,20,100000
2024-03-18,바닐라라떼,라떼/기타,10,55000
2024-03-18,콜드브루,커피,10,55000
2024-03-18,카푸치노,라떼/기타,8,40000
2024-03-18,녹차라떼,라떼/기타,7,38500
2024-03-18,초코라떼,라떼/기타,4,22000
2024-03-18,에스프레소,커피,5,17500
2024-03-18,디카페인 아메리카노,커피,2,10000
2024-03-19,아메리카노,커피,47,211500
2024-03-19,카페라떼,라떼/기타,27,135000
2024-03-19,바닐라라떼,라떼/기타,14,77000
2024-03-19,콜드브루,커피,12,66000
2024-03-19,카푸치노,라떼/기타,9,45000
2024-03-19,녹차라떼,라떼/기타,5,27500
2024-03-19,초코라떼,라떼/기타,5,27500
2024-03-19,에스프레소,커피,7,24500
2024-03-19,디카페인 아메리카노,커피,2,10000
2024-03-20,아메리카노,커피,44,198000
2024-03-20,카페라떼,라떼/기타,20,100000
2024-03-20,바닐라라떼,라떼/기타,9,49500
2024-03-20,콜드브루,커피,9,49500
2024-03-20,카푸치노,라떼/기타,8,40000
2024-03-20,녹차라떼,라떼/기타,3,16500
2024-03-20,초코라떼,라떼/기타,4,22000
2024-03-20,에스프레소,커피,5,17500
2024-03-20,디카페인 아메리카노,커피,3,15000
2024-03-21,아메리카노,커피,41,184500
2024-03-21,카페라떼,라떼/기타,34,170000
2024-03-21,바닐라라떼,라떼/기타,13,71500
2024-03-21,콜드브루,커피,13,71500
2024-03-21,카푸치노,라떼/기타,9,45000
2024-03-21,녹차라떼,라떼/기타,8,44000
2024-03-21,초코라떼,라떼/기타,5,27500
2024-03-21,에스프레소,커피,5,17500
2024-03-21,디카페인 아메리카노,커피,4,20000
2024-03-22,아메리카노,커피,70,315000
2024-03-22,카페라떼,라떼/기타,35,175000
2024-03-22,바닐라라떼,라떼/기타,18,99000
2024-03-22,콜드브루,커피,15,82500
2024-03-22,카푸치노,라떼/기타,8,40000
2024-03-22,녹차라떼,라떼/기타,6,33000
2024-03-22,초코라떼,라떼/기타,5,27500
2024-03-22,에스프레소,커피,5,17500
2024-03-22,디카페인 아메리카노,커피,4,20000
2024-03-23,아메리카노,커피,62,279000
2024-03-23,카페라떼,라떼/기타,37,185000
2024-03-23,바닐라라떼,라떼/기타,21,115500
2024-03-23,콜드브루,커피,16,88000
2024-03-23,카푸치노,라떼/기타,12,60000
2024-03-23,녹차라떼,라떼/기타,10,55000
2024-03-23,초코라떼,라떼/기타,7,38500
2024-03-23,에스프레소,커피,7,24500
2024-03-23,디카페인 아메리카노,커피,6,30000
2024-03-24,아메리카노,커피,53,238500
2024-03-24,카페라떼,라떼/기타,29,145000
2024-03-24,바닐라라떼,라떼/기타,13,71500
2024-03-24,콜드브루,커피,14,77000
2024-03-24,카푸치노,라떼/기타,11,55000
2024-03-24,녹차라떼,라떼/기타,9,49500
2024-03-24,초코라떼,라떼/기타,7,38500
2024-03-24,에스프레소,커피,5,17500
2024-03-24,디카페인 아메리카노,커피,5,25000
2024-03-25,아메리카노,커피,36,162000
2024-03-25,카페라떼,라떼/기타,19,95000
2024-03-25,바닐라라떼,라떼/기타,16,88000
2024-03-25,콜드브루,커피,13,71500
2024-03-25,카푸치노,라떼/기타,10,50000
2024-03-25,녹차라떼,라떼/기타,6,33000
2024-03-25,초코라떼,라떼/기타,5,27500
2024-03-25,에스프레소,커피,2,7000
2024-03-25,디카페인 아메리카노,커피,3,15000
2024-03-26,아메리카노,커피,39,175500
2024-03-26,카페라떼,라떼/기타,27,135000
2024-03-26,바닐라라떼,라떼/기타,11,60500
2024-03-26,콜드브루,커피,14,77000
2024-03-26,카푸치노,라떼/기타,6,30000
2024-03-26,녹차라떼,라떼/기타,7,38500
2024-03-26,초코라떼,라떼/기타,6,33000
2024-03-26,에스프레소,커피,3,10500
2024-03-26,디카페인 아메리카노,커피,2,10000
2024-03-27,아메리카노,커피,52,234000
2024-03-27,카페라떼,라떼/기타,29,145000
2024-03-27,바닐라라떼,라떼/기타,13,71500
2024-03-27,콜드브루,커피,14,77000
2024-03-27,카푸치노,라떼/기타,7,35000
2024-03-27,녹차라떼,라떼/기타,10,55000
2024-03-27,초코라떼,라떼/기타,6,33000
2024-03-27,에스프레소,커피,5,17500
2024-03-27,디카페인 아메리카노,커피,4,20000
2024-03-28,아메리카노,커피,41,184500
2024-03-28,카페라떼,라떼/기타,32,160000
2024-03-28,바닐라라떼,라떼/기타,21,115500
2024-03-28,콜드브루,커피,18,99000
2024-03-28,카푸치노,라떼/기타,9,45000
2024-03-28,녹차라떼,라떼/기타,6,33000
2024-03-28,초코라떼,라떼/기타,8,44000
2024-03-28,에스프레소,커피,6,21000
2024-03-28,디카페인 아메리카노,커피,4,20000
2024-03-29,아메리카노,커피,61,274500
2024-03-29,카페라떼,라떼/기타,17,85000
2024-03-29,바닐라라떼,라떼/기타,14,77000
2024-03-29,콜드브루,커피,10,55000
2024-03-29,카푸치노,라떼/기타,5,25000
2024-03-29,녹차라떼,라떼/기타,7,38500
2024-03-29,초코라떼,라떼/기타,5,27500
2024-03-29,에스프레소,커피,3,10500
2024-03-29,디카페인 아메리카노,커피,3,15000
2024-03-30,아메리카노,커피,65,292500
2024-03-30,카페라떼,라떼/기타,47,235000
2024-03-30,바닐라라떼,라떼/기타,20,110000
2024-03-30,콜드브루,커피,18,99000
2024-03-30,카푸치노,라떼/기타,13,65000
2024-03-30,녹차라떼,라떼/기타,8,44000
2024-03-30,초코라떼,라떼/기타,5,27500
2024-03-30,에스프레소,커피,8,28000
2024-03-30,디카페인 아메리카노,커피,4,20000
2024-03-31,아메리카노,커피,60,270000
2024-03-31,카페라떼,라떼/기타,32,160000
2024-03-31,바닐라라떼,라떼/기타,12,66000
2024-03-31,콜드브루,커피,8,44000
2024-03-31,카푸치노,라떼/기타,10,50000
2024-03-31,녹차라떼,라떼/기타,5,27500
2024-03-31,초코라떼,라떼/기타,9,49500
2024-03-31,에스프레소,커피,6,21000
2024-03-31,디카페인 아메리카노,커피,3,15000
2024-04-01,아메리카노,커피,33,148500
2024-04-01,카페라떼,라떼/기타,30,150000
2024-04-01,바닐라라떼,라떼/기타,10,55000
2024-04-01,콜드브루,커피,11,60500
2024-04-01,카푸치노,라떼/기타,7,35000
2024-04-01,녹차라떼,라떼/기타,5,27500
2024-04-01,초코라떼,라떼/기타,4,22000
2024-04-01,에스프레소,커피,4,14000
2024-04-01,디카페인 아메리카노,커피,3,15000
2024-04-02,아메리카노,커피,54,243000
2024-04-02,카페라떼,라떼/기타,25,125000
2024-04-02,바닐라라떼,라떼/기타,17,93500
2024-04-02,콜드브루,커피,14,77000
2024-04-02,카푸치노,라떼/기타,7,35000
2024-04-02,녹차라떼,라떼/기타,9,49500
2024-04-02,초코라떼,라떼/기타,7,38500
2024-04-02,에스프레소,커피,6,21000
2024-04-02,디카페인 아메리카노,커피,4,20000
2024-04-03,아메리카노,커피,52,234000
2024-04-03,카페라떼,라떼/기타,29,145000
2024-04-03,바닐라라떼,라떼/기타,13,71500
2024-04-03,콜드브루,커피,15,82500
2024-04-03,카푸치노,라떼/기타,12,60000
2024-04-03,녹차라떼,라떼/기타,5,27500
2024-04-03,초코라떼,라떼/기타,5,27500
2024-04-03,에스프레소,커피,4,14000
2024-04-03,디카페인 아메리카노,커피,4,20000
2024-04-04,아메리카노,커피,59,265500
2024-04-04,카페라떼,라떼/기타,33,165000
2024-04-04,바닐라라떼,라떼/기타,17,93500
2024-04-04,콜드브루,커피,18,99000
2024-04-04,카푸치노,라떼/기타,10,50000
2024-04-04,녹차라떼,라떼/기타,7,38500
2024-04-04,초코라떼,라떼/기타,5,27500
2024-04-04,에스프레소,커피,6,21000
2024-04-04,디카페인 아메리카노,커피,5,25000
2024-04-05,아메리카노,커피,45,202500
2024-04-05,카페라떼,라떼/기타,32,160000
2024-04-05,바닐라라떼,라떼/기타,12,66000
2024-04-05,콜드브루,커피,11,60500
2024-04-05,카푸치노,라떼/기타,10,50000
2024-04-05,녹차라떼,라떼/기타,9,49500
2024-04-05,초코라떼,라떼/기타,5,27500
2024-04-05,에스프레소,커피,6,21000
2024-04-05,디카페인 아메리카노,커피,4,20000
2024-04-06,아메리카노,커피,50,225000
2024-04-06,카페라떼,라떼/기타,40,200000
2024-04-06,바닐라라떼,라떼/기타,22,121000
2024-04-06,콜드브루,커피,13,71500
2024-04-06,카푸치노,라떼/기타,10,50000
2024-04-06,녹차라떼,라떼/기타,10,55000
2024-04-06,초코라떼,라떼/기타,8,44000
2024-04-06,에스프레소,커피,5,17500
2024-04-06,디카페인 아메리카노,커피,4,20000
2024-04-07,아메리카노,커피,27,121500
2024-04-07,카페라떼,라떼/기타,23,115000
2024-04-07,바닐라라떼,라떼/기타,22,121000
2024-04-07,콜드브루,커피,12,66000
2024-04-07,카푸치노,라떼/기타,13,65000
2024-04-07,녹차라떼,라떼/기타,7,38500
2024-04-07,초코라떼,라떼/기타,8,44000
2024-04-07,에스프레소,커피,6,21000
2024-04-07,디카페인 아메리카노,커피,5,25000
2024-04-08,아메리카노,커피,41,184500
2024-04-08,카페라떼,라떼/기타,26,130000
2024-04-08,바닐라라떼,라떼/기타,13,71500
2024-04-08,콜드브루,커피,7,38500
2024-04-08,카푸치노,라떼/기타,10,50000
2024-04-08,녹차라떼,라떼/기타,5,27500
2024-04-08,초코라떼,라떼/기타,6,33000
2024-04-08,에스프레소,커피,5,17500
2024-04-08,디카페인 아메리카노,커피,2,10000
2024-04-09,아메리카노,커피,50,225000
2024-04-09,카페라떼,라떼/기타,25,125000
2024-04-09,바닐라라떼,라떼/기타,24,132000
2024-04-09,콜드브루,커피,12,66000
2024-04-09,카푸치노,라떼/기타,8,40000
2024-04-09,녹차라떼,라떼/기타,8,44000
2024-04-09,초코라떼,라떼/기타,7,38500
2024-04-09,에스프레소,커피,3,10500
2024-04-09,디카페인 아메리카노,커피,3,15000
2024-04-10,아메리카노,커피,61,274500
2024-04-10,카페라떼,라떼/기타,38,190000
2024-04-10,바닐라라떼,라떼/기타,14,77000
2024-04-10,콜드브루,커피,21,115500
2024-04-10,카푸치노,라떼/기타,8,40000
2024-04-10,녹차라떼,라떼/기타,10,55000
2024-04-10,초코라떼,라떼/기타,9,49500
2024-04-10,에스프레소,커피,7,24500
2024-04-10,디카페인 아메리카노,커피,5,25000
2024-04-11,아메리카노,커피,50,225000
2024-04-11,카페라떼,라떼/기타,28,140000
2024-04-11,바닐라라떼,라떼/기타,16,88000
2024-04-11,콜드브루,커피,12,66000
2024-04-11,카푸치노,라떼/기타,10,50000
2024-04-11,녹차라떼,라떼/기타,7,38500
2024-04-11,초코라떼,라떼/기타,5,27500
2024-04-11,에스프레소,커피,4,14000
2024-04-11,디카페인 아메리카노,커피,3,15000
2024-04-12,아메리카노,커피,68,306000
2024-04-12,카페라떼,라떼/기타,30,150000
2024-04-12,바닐라라떼,라떼/기타,21,115500
2024-04-12,콜드브루,커피,17,93500
2024-04-12,카푸치노,라떼/기타,14,70000
2024-04-12,녹차라떼,라떼/기타,7,38500
2024-04-12,초코라떼,라떼/기타,11,60500
2024-04-12,에스프레소,커피,10,35000
2024-04-12,디카페인 아메리카노,커피,4,20000
2024-04-13,아메리카노,커피,59,265500
2024-04-13,카페라떼,라떼/기타,34,170000
2024-04-13,바닐라라떼,라떼/기타,14,77000
2024-04-13,콜드브루,커피,19,104500
2024-04-13,카푸치노,라떼/기타,9,45000
2024-04-13,녹차라떼,라떼/기타,11,60500
2024-04-13,초코라떼,라떼/기타,6,33000
2024-04-13,에스프레소,커피,2,7000
2024-04-13,디카페인 아메리카노,커피,5,25000
2024-04-14,아메리카노,커피,61,274500
2024-04-14,카페라떼,라떼/기타,21,105000
2024-04-14,바닐라라떼,라떼/기타,15,82500
2024-04-14,콜드브루,커피,14,77000
2024-04-14,카푸치노,라떼/기타,12,60000
2024-04-14,녹차라떼,라떼/기타,7,38500
2024-04-14,초코라떼,라떼/기타,6,33000
2024-04-14,에스프레소,커피,6,21000
2024-04-14,디카페인 아메리카노,커피,5,25000
2024-04-15,아메리카노,커피,43,193500
2024-04-15,카페라떼,라떼/기타,23,115000
2024-04-15,바닐라라떼,라떼/기타,13,71500
2024-04-15,콜드브루,커피,12,66000
2024-04-15,카푸치노,라떼/기타,6,30000
2024-04-15,녹차라떼,라떼/기타,8,44000
2024-04-15,초코라떼,라떼/기타,6,33000
2024-04-15,에스프레소,커피,6,21000
2024-04-15,디카페인 아메리카노,커피,5,25000
2024-04-16,아메리카노,커피,52,234000
2024-04-16,카페라떼,라떼/기타,23,115000
2024-04-16,바닐라라떼,라떼/기타,14,77000
2024-04-16,콜드브루,커피,11,60500
2024-04-16,카푸치노,라떼/기타,7,35000
2024-04-16,녹차라떼,라떼/기타,6,33000
2024-04-16,초코라떼,라떼/기타,4,22000
2024-04-16,에스프레소,커피,3,10500
2024-04-16,디카페인 아메리카노,커피,3,15000
2024-04-17,아메리카노,커피,59,265500
2024-04-17,카페라떼,라떼/기타,53,265000
2024-04-17,바닐라라떼,라떼/기타,22,121000
2024-04-17,콜드브루,커피,17,93500
2024-04-17,카푸치노,라떼/기타,12,60000
2024-04-17,녹차라떼,라떼/기타,11,60500
2024-04-17,초코라떼,라떼/기타,10,55000
2024-04-17,에스프레소,커피,6,21000
2024-04-17,디카페인 아메리카노,커피,3,15000
2024-04-18,아메리카노,커피,56,252000
2024-04-18,카페라떼,라떼/기타,34,170000
2024-04-18,바닐라라떼,라떼/기타,15,82500
2024-04-18,콜드브루,커피,18,99000
2024-04-18,카푸치노,라떼/기타,10,50000
2024-04-18,녹차라떼,라떼/기타,8,44000
2024-04-18,초코라떼,라떼/기타,8,44000
2024-04-18,에스프레소,커피,7,24500
2024-04-18,디카페인 아메리카노,커피,4,20000
2024-04-19,아메리카노,커피,63,283500
2024-04-19,카페라떼,라떼/기타,28,140000
2024-04-19,바닐라라떼,라떼/기타,17,93500
2024-04-19,콜드브루,커피,16,88000
2024-04-19,카푸치노,라떼/기타,15,75000
2024-04-19,녹차라떼,라떼/기타,8,44000
2024-04-19,초코라떼,라떼/기타,5,27500
2024-04-19,에스프레소,커피,5,17500
2024-04-19,디카페인 아메리카노,커피,4,20000
2024-04-20,아메리카노,커피,64,288000
2024-04-20,카페라떼,라떼/기타,39,195000
2024-04-20,바닐라라떼,라떼/기타,19,104500
2024-04-20,콜드브루,커피,21,115500
2024-04-20,카푸치노,라떼/기타,17,85000
2024-04-20,녹차라떼,라떼/기타,12,66000
2024-04-20,초코라떼,라떼/기타,11,60500
2024-04-20,에스프레소,커피,9,31500
2024-04-20,디카페인 아메리카노,커피,4,20000
2024-04-21,아메리카노,커피,53,238500
2024-04-21,카페라떼,라떼/기타,21,105000
2024-04-21,바닐라라떼,라떼/기타,20,110000
2024-04-21,콜드브루,커피,6,33000
2024-04-21,카푸치노,라떼/기타,6,30000
2024-04-21,녹차라떼,라떼/기타,10,55000
2024-04-21,초코라떼,라떼/기타,9,49500
2024-04-21,에스프레소,커피,5,17500
2024-04-21,디카페인 아메리카노,커피,3,15000
2024-04-22,아메리카노,커피,29,130500
2024-04-22,카페라떼,라떼/기타,27,135000
2024-04-22,바닐라라떼,라떼/기타,16,88000
2024-04-22,콜드브루,커피,14,77000
2024-04-22,카푸치노,라떼/기타,6,30000
2024-04-22,녹차라떼,라떼/기타,7,38500
2024-04-22,초코라떼,라떼/기타,7,38500
2024-04-22,에스프레소,커피,5,17500
2024-04-22,디카페인 아메리카노,커피,3,15000
2024-04-23,아메리카노,커피,46,207000
2024-04-23,카페라떼,라떼/기타,40,200000
2024-04-23,바닐라라떼,라떼/기타,18,99000
2024-04-23,콜드브루,커피,17,93500
2024-04-23,카푸치노,라떼/기타,9,45000
2024-04-23,녹차라떼,라떼/기타,7,38500
2024-04-23,초코라떼,라떼/기타,7,38500
2024-04-23,에스프레소,커피,6,21000
2024-04-23,디카페인 아메리카노,커피,3,15000
2024-04-24,아메리카노,커피,51,229500
2024-04-24,카페라떼,라떼/기타,31,155000
2024-04-24,바닐라라떼,라떼/기타,16,88000
2024-04-24,콜드브루,커피,19,104500
2024-04-24,카푸치노,라떼/기타,10,50000
2024-04-24,녹차라떼,라떼/기타,5,27500
2024-04-24,초코라떼,라떼/기타,6,33000
2024-04-24,에스프레소,커피,6,21000
2024-04-24,디카페인 아메리카노,커피,4,20000
2024-04-25,아메리카노,커피,44,198000
2024-04-25,카페라떼,라떼/기타,30,150000
2024-04-25,바닐라라떼,라떼/기타,18,99000
2024-04-25,콜드브루,커피,17,93500
2024-04-25,카푸치노,라떼/기타,12,60000
2024-04-25,녹차라떼,라떼/기타,8,44000
2024-04-25,초코라떼,라떼/기타,10,55000
2024-04-25,에스프레소,커피,6,21000
2024-04-25,디카페인 아메리카노,커피,4,20000
2024-04-26,아메리카노,커피,67,301500
2024-04-26,카페라떼,라떼/기타,37,185000
2024-04-26,바닐라라떼,라떼/기타,23,126500
2024-04-26,콜드브루,커피,20,110000
2024-04-26,카푸치노,라떼/기타,12,60000
2024-04-26,녹차라떼,라떼/기타,17,93500
2024-04-26,초코라떼,라떼/기타,5,27500
2024-04-26,에스프레소,커피,9,31500
2024-04-26,디카페인 아메리카노,커피,7,35000
2024-04-27,아메리카노,커피,41,184500
2024-04-27,카페라떼,라떼/기타,37,185000
2024-04-27,바닐라라떼,라떼/기타,18,99000
2024-04-27,콜드브루,커피,17,93500
2024-04-27,카푸치노,라떼/기타,14,70000
2024-04-27,녹차라떼,라떼/기타,8,44000
2024-04-27,초코라떼,라떼/기타,5,27500
2024-04-27,에스프레소,커피,6,21000
2024-04-27,디카페인 아메리카노,커피,3,15000
2024-04-28,아메리카노,커피,45,202500
2024-04-28,카페라떼,라떼/기타,31,155000
2024-04-28,바닐라라떼,라떼/기타,21,115500
2024-04-28,콜드브루,커피,19,104500
2024-04-28,카푸치노,라떼/기타,14,70000
2024-04-28,녹차라떼,라떼/기타,11,60500
2024-04-28,초코라떼,라떼/기타,9,49500
2024-04-28,에스프레소,커피,9,31500
2024-04-28,디카페인 아메리카노,커피,5,25000
2024-04-29,아메리카노,커피,48,216000
2024-04-29,카페라떼,라떼/기타,31,155000
2024-04-29,바닐라라떼,라떼/기타,20,110000
2024-04-29,콜드브루,커피,15,82500
2024-04-29,카푸치노,라떼/기타,10,50000
2024-04-29,녹차라떼,라떼/기타,12,66000
2024-04-29,초코라떼,라떼/기타,7,38500
2024-04-29,에스프레소,커피,6,21000
2024-04-29,디카페인 아메리카노,커피,3,15000
2024-04-30,아메리카노,커피,34,153000
2024-04-30,카페라떼,라떼/기타,25,125000
2024-04-30,바닐라라떼,라떼/기타,12,66000
2024-04-30,콜드브루,커피,16,88000
2024-04-30,카푸치노,라떼/기타,11,55000
2024-04-30,녹차라떼,라떼/기타,7,38500
2024-04-30,초코라떼,라떼/기타,5,27500
2024-04-30,에스프레소,커피,6,21000
2024-04-30,디카페인 아메리카노,커피,2,10000
2024-05-01,아메리카노,커피,13,58500
2024-05-01,카페라떼,라떼/기타,10,50000
2024-05-01,바닐라라떼,라떼/기타,14,77000
2024-05-01,콜드브루,커피,15,82500
2024-05-01,카푸치노,라떼/기타,10,50000
2024-05-01,녹차라떼,라떼/기타,8,44000
2024-05-01,초코라떼,라떼/기타,6,33000
2024-05-01,에스프레소,커피,5,17500
2024-05-01,디카페인 아메리카노,커피,3,15000
2024-05-02,아메리카노,커피,36,162000
2024-05-02,카페라떼,라떼/기타,28,140000
2024-05-02,바닐라라떼,라떼/기타,18,99000
2024-05-02,콜드브루,커피,12,66000
2024-05-02,카푸치노,라떼/기타,10,50000
2024-05-02,녹차라떼,라떼/기타,10,55000
2024-05-02,초코라떼,라떼/기타,6,33000
2024-05-02,에스프레소,커피,6,21000
2024-05-02,디카페인 아메리카노,커피,3,15000
2024-05-03,아메리카노,커피,44,198000
2024-05-03,카페라떼,라떼/기타,33,165000
2024-05-03,바닐라라떼,라떼/기타,23,126500
2024-05-03,콜드브루,커피,8,44000
2024-05-03,카푸치노,라떼/기타,12,60000
2024-05-03,녹차라떼,라떼/기타,8,44000
2024-05-03,초코라떼,라떼/기타,7,38500
2024-05-03,에스프레소,커피,7,24500
2024-05-03,디카페인 아메리카노,커피,6,30000
2024-05-04,아메리카노,커피,68,306000
2024-05-04,카페라떼,라떼/기타,60,300000
2024-05-04,바닐라라떼,라떼/기타,22,121000
2024-05-04,콜드브루,커피,22,121000
2024-05-04,카푸치노,라떼/기타,17,85000
2024-05-04,녹차라떼,라떼/기타,17,93500
2024-05-04,초코라떼,라떼/기타,13,71500
2024-05-04,에스프레소,커피,7,24500
2024-05-04,디카페인 아메리카노,커피,5,25000
2024-05-05,아메리카노,커피,75,337500
2024-05-05,카페라떼,라떼/기타,49,245000
2024-05-05,바닐라라떼,라떼/기타,29,159500
2024-05-05,콜드브루,커피,21,115500
2024-05-05,카푸치노,라떼/기타,10,50000
2024-05-05,녹차라떼,라떼/기타,12,66000
2024-05-05,초코라떼,라떼/기타,10,55000
2024-05-05,에스프레소,커피,8,28000
2024-05-05,디카페인 아메리카노,커피,6,30000
2024-05-06,아메리카노,커피,59,265500
2024-05-06,카페라떼,라떼/기타,31,155000
2024-05-06,바닐라라떼,라떼/기타,14,77000
2024-05-06,콜드브루,커피,20,110000
2024-05-06,카푸치노,라떼/기타,11,55000
2024-05-06,녹차라떼,라떼/기타,9,49500
2024-05-06,초코라떼,라떼/기타,8,44000
2024-05-06,에스프레소,커피,6,21000
2024-05-06,디카페인 아메리카노,커피,4,20000
2024-05-07,아메리카노,커피,37,166500
2024-05-07,카페라떼,라떼/기타,26,130000
2024-05-07,바닐라라떼,라떼/기타,15,82500
2024-05-07,콜드브루,커피,16,88000
2024-05-07,카푸치노,라떼/기타,10,50000
2024-05-07,녹차라떼,라떼/기타,6,33000
2024-05-07,초코라떼,라떼/기타,7,38500
2024-05-07,에스프레소,커피,6,21000
2024-05-07,디카페인 아메리카노,커피,4,20000
2024-05-08,아메리카노,커피,48,216000
2024-05-08,카페라떼,라떼/기타,31,155000
2024-05-08,바닐라라떼,라떼/기타,14,77000
2024-05-08,콜드브루,커피,12,66000
2024-05-08,카푸치노,라떼/기타,10,50000
2024-05-08,녹차라떼,라떼/기타,9,49500
2024-05-08,초코라떼,라떼/기타,8,44000
2024-05-08,에스프레소,커피,5,17500
2024-05-08,디카페인 아메리카노,커피,4,20000
2024-05-09,아메리카노,커피,61,274500
2024-05-09,카페라떼,라떼/기타,36,180000
2024-05-09,바닐라라떼,라떼/기타,17,93500
2024-05-09,콜드브루,커피,15,82500
2024-05-09,카푸치노,라떼/기타,11,55000
2024-05-09,녹차라떼,라떼/기타,10,55000
2024-05-09,초코라떼,라떼/기타,11,60500
2024-05-09,에스프레소,커피,7,24500
2024-05-09,디카페인 아메리카노,커피,6,30000
2024-05-10,아메리카노,커피,62,279000
2024-05-10,카페라떼,라떼/기타,33,165000
2024-05-10,바닐라라떼,라떼/기타,16,88000
2024-05-10,콜드브루,커피,19,104500
2024-05-10,카푸치노,라떼/기타,14,70000
2024-05-10,녹차라떼,라떼/기타,14,77000
2024-05-10,초코라떼,라떼/기타,8,44000
2024-05-10,에스프레소,커피,6,21000
2024-05-10,디카페인 아메리카노,커피,6,30000
2024-05-11,아메리카노,커피,59,265500
2024-05-11,카페라떼,라떼/기타,55,275000
2024-05-11,바닐라라떼,라떼/기타,15,82500
2024-05-11,콜드브루,커피,15,82500
2024-05-11,카푸치노,라떼/기타,17,85000
2024-05-11,녹차라떼,라떼/기타,11,60500
2024-05-11,초코라떼,라떼/기타,10,55000
2024-05-11,에스프레소,커피,5,17500
2024-05-11,디카페인 아메리카노,커피,5,25000
2024-05-12,아메리카노,커피,100,450000
2024-05-12,카페라떼,라떼/기타,42,210000
2024-05-12,바닐라라떼,라떼/기타,19,104500
2024-05-12,콜드브루,커피,17,93500
2024-05-12,카푸치노,라떼/기타,9,45000
2024-05-12,녹차라떼,라떼/기타,11,60500
2024-05-12,초코라떼,라떼/기타,7,38500
2024-05-12,에스프레소,커피,5,17500
2024-05-12,디카페인 아메리카노,커피,7,35000
2024-05-13,아메리카노,커피,54,243000
2024-05-13,카페라떼,라떼/기타,23,115000
2024-05-13,바닐라라떼,라떼/기타,23,126500
2024-05-13,콜드브루,커피,10,55000
2024-05-13,카푸치노,라떼/기타,13,65000
2024-05-13,녹차라떼,라떼/기타,8,44000
2024-05-13,초코라떼,라떼/기타,7,38500
2024-05-13,에스프레소,커피,4,14000
2024-05-13,디카페인 아메리카노,커피,3,15000
2024-05-14,아메리카노,커피,61,274500
2024-05-14,카페라떼,라떼/기타,28,140000
2024-05-14,바닐라라떼,라떼/기타,15,82500
2024-05-14,콜드브루,커피,16,88000
2024-05-14,카푸치노,라떼/기타,9,45000
2024-05-14,녹차라떼,라떼/기타,12,66000
2024-05-14,초코라떼,라떼/기타,10,55000
2024-05-14,에스프레소,커피,4,14000
2024-05-14,디카페인 아메리카노,커피,5,25000
2024-05-15,아메리카노,커피,51,229500
2024-05-15,카페라떼,라떼/기타,36,180000
2024-05-15,바닐라라떼,라떼/기타,20,110000
2024-05-15,콜드브루,커피,13,71500
2024-05-15,카푸치노,라떼/기타,10,50000
2024-05-15,녹차라떼,라떼/기타,11,60500
2024-05-15,초코라떼,라떼/기타,10,55000
2024-05-15,에스프레소,커피,6,21000
2024-05-15,디카페인 아메리카노,커피,4,20000
2024-05-16,아메리카노,커피,73,328500
2024-05-16,카페라떼,라떼/기타,41,205000
2024-05-16,바닐라라떼,라떼/기타,15,82500
2024-05-16,콜드브루,커피,15,82500
2024-05-16,카푸치노,라떼/기타,12,60000
2024-05-16,녹차라떼,라떼/기타,9,49500
2024-05-16,초코라떼,라떼/기타,8,44000
2024-05-16,에스프레소,커피,5,17500
2024-05-16,디카페인 아메리카노,커피,3,15000
2024-05-17,아메리카노,커피,51,229500
2024-05-17,카페라떼,라떼/기타,46,230000
2024-05-17,바닐라라떼,라떼/기타,21,115500
2024-05-17,콜드브루,커피,25,137500
2024-05-17,카푸치노,라떼/기타,12,60000
2024-05-17,녹차라떼,라떼/기타,12,66000
2024-05-17,초코라떼,라떼/기타,9,49500
2024-05-17,에스프레소,커피,7,24500
2024-05-17,디카페인 아메리카노,커피,6,30000
2024-05-18,아메리카노,커피,61,274500
2024-05-18,카페라떼,라떼/기타,40,200000
2024-05-18,바닐라라떼,라떼/기타,21,115500
2024-05-18,콜드브루,커피,17,93500
2024-05-18,카푸치노,라떼/기타,12,60000
2024-05-18,녹차라떼,라떼/기타,10,55000
2024-05-18,초코라떼,라떼/기타,6,33000
2024-05-18,에스프레소,커피,4,14000
2024-05-18,디카페인 아메리카노,커피,4,20000
2024-05-19,아메리카노,커피,45,202500
2024-05-19,카페라떼,라떼/기타,35,175000
2024-05-19,바닐라라떼,라떼/기타,10,55000
2024-05-19,콜드브루,커피,13,71500
2024-05-19,카푸치노,라떼/기타,9,45000
2024-05-19,녹차라떼,라떼/기타,11,60500
2024-05-19,초코라떼,라떼/기타,9,49500
2024-05-19,에스프레소,커피,6,21000
2024-05-19,디카페인 아메리카노,커피,8,40000
2024-05-20,아메리카노,커피,51,229500
2024-05-20,카페라떼,라떼/기타,33,165000
2024-05-20,바닐라라떼,라떼/기타,15,82500
2024-05-20,콜드브루,커피,10,55000
2024-05-20,카푸치노,라떼/기타,9,45000
2024-05-20,녹차라떼,라떼/기타,9,49500
2024-05-20,초코라떼,라떼/기타,5,27500
2024-05-20,에스프레소,커피,6,21000
2024-05-20,디카페인 아메리카노,커피,4,20000
2024-05-21,아메리카노,커피,55,247500
2024-05-21,카페라떼,라떼/기타,31,155000
2024-05-21,바닐라라떼,라떼/기타,21,115500
2024-05-21,콜드브루,커피,16,88000
2024-05-21,카푸치노,라떼/기타,13,65000
2024-05-21,녹차라떼,라떼/기타,10,55000
2024-05-21,초코라떼,라떼/기타,7,38500
2024-05-21,에스프레소,커피,6,21000
2024-05-21,디카페인 아메리카노,커피,4,20000
2024-05-22,아메리카노,커피,65,292500
2024-05-22,카페라떼,라떼/기타,35,175000
2024-05-22,바닐라라떼,라떼/기타,21,115500
2024-05-22,콜드브루,커피,17,93500
2024-05-22,카푸치노,라떼/기타,14,70000
2024-05-22,녹차라떼,라떼/기타,11,60500
2024-05-22,초코라떼,라떼/기타,9,49500
2024-05-22,에스프레소,커피,4,14000
2024-05-22,디카페인 아메리카노,커피,5,25000
2024-05-23,아메리카노,커피,56,252000
2024-05-23,카페라떼,라떼/기타,29,145000
2024-05-23,바닐라라떼,라떼/기타,18,99000
2024-05-23,콜드브루,커피,18,99000
2024-05-23,카푸치노,라떼/기타,11,55000
2024-05-23,녹차라떼,라떼/기타,11,60500
2024-05-23,초코라떼,라떼/기타,11,60500
2024-05-23,에스프레소,커피,4,14000
2024-05-23,디카페인 아메리카노,커피,3,15000
2024-05-24,아메리카노,커피,62,279000
2024-05-24,카페라떼,라떼/기타,46,230000
2024-05-24,바닐라라떼,라떼/기타,16,88000
2024-05-24,콜드브루,커피,19,104500
2024-05-24,카푸치노,라떼/기타,12,60000
2024-05-24,녹차라떼,라떼/기타,14,77000
2024-05-24,초코라떼,라떼/기타,8,44000
2024-05-24,에스프레소,커피,4,14000
2024-05-24,디카페인 아메리카노,커피,4,20000
2024-05-25,아메리카노,커피,51,229500
2024-05-25,카페라떼,라떼/기타,51,255000
2024-05-25,바닐라라떼,라떼/기타,18,99000
2024-05-25,콜드브루,커피,19,104500
2024-05-25,카푸치노,라떼/기타,15,75000
2024-05-25,녹차라떼,라떼/기타,15,82500
2024-05-25,초코라떼,라떼/기타,8,44000
2024-05-25,에스프레소,커피,7,24500
2024-05-25,디카페인 아메리카노,커피,6,30000
2024-05-26,아메리카노,커피,55,247500
2024-05-26,카페라떼,라떼/기타,27,135000
2024-05-26,바닐라라떼,라떼/기타,16,88000
2024-05-26,콜드브루,커피,12,66000
2024-05-26,카푸치노,라떼/기타,14,70000
2024-05-26,녹차라떼,라떼/기타,10,55000
2024-05-26,초코라떼,라떼/기타,9,49500
2024-05-26,에스프레소,커피,7,24500
2024-05-26,디카페인 아메리카노,커피,4,20000
2024-05-27,아메리카노,커피,39,175500
2024-05-27,카페라떼,라떼/기타,27,135000
2024-05-27,바닐라라떼,라떼/기타,15,82500
2024-05-27,콜드브루,커피,21,115500
2024-05-27,카푸치노,라떼/기타,6,30000
2024-05-27,녹차라떼,라떼/기타,8,44000
2024-05-27,초코라떼,라떼/기타,4,22000
2024-05-27,에스프레소,커피,5,17500
2024-05-27,디카페인 아메리카노,커피,4,20000
2024-05-28,아메리카노,커피,40,180000
2024-05-28,카페라떼,라떼/기타,22,110000
2024-05-28,바닐라라떼,라떼/기타,16,88000
2024-05-28,콜드브루,커피,13,71500
2024-05-28,카푸치노,라떼/기타,9,45000
2024-05-28,녹차라떼,라떼/기타,6,33000
2024-05-28,초코라떼,라떼/기타,5,27500
2024-05-28,에스프레소,커피,6,21000
2024-05-28,디카페인 아메리카노,커피,5,25000
2024-05-29,아메리카노,커피,55,247500
2024-05-29,카페라떼,라떼/기타,37,185000
2024-05-29,바닐라라떼,라떼/기타,13,71500
2024-05-29,콜드브루,커피,18,99000
2024-05-29,카푸치노,라떼/기타,10,50000
2024-05-29,녹차라떼,라떼/기타,6,33000
2024-05-29,초코라떼,라떼/기타,8,44000
2024-05-29,에스프레소,커피,7,24500
2024-05-29,디카페인 아메리카노,커피,5,25000
2024-05-30,아메리카노,커피,63,283500
2024-05-30,카페라떼,라떼/기타,44,220000
2024-05-30,바닐라라떼,라떼/기타,16,88000
2024-05-30,콜드브루,커피,22,121000
2024-05-30,카푸치노,라떼/기타,10,50000
2024-05-30,녹차라떼,라떼/기타,9,49500
2024-05-30,초코라떼,라떼/기타,8,44000
2024-05-30,에스프레소,커피,8,28000
2024-05-30,디카페인 아메리카노,커피,4,20000
2024-05-31,아메리카노,커피,92,414000
2024-05-31,카페라떼,라떼/기타,44,220000
2024-05-31,바닐라라떼,라떼/기타,21,115500
2024-05-31,콜드브루,커피,26,143000
2024-05-31,카푸치노,라떼/기타,17,85000
2024-05-31,녹차라떼,라떼/기타,14,77000
2024-05-31,초코라떼,라떼/기타,12,66000
2024-05-31,에스프레소,커피,10,35000
2024-05-31,디카페인 아메리카노,커피,5,25000
2024-06-01,아메리카노,커피,68,306000
2024-06-01,카페라떼,라떼/기타,42,210000
2024-06-01,바닐라라떼,라떼/기타,19,104500
2024-06-01,콜드브루,커피,22,121000
2024-06-01,카푸치노,라떼/기타,6,30000
2024-06-01,녹차라떼,라떼/기타,13,71500
2024-06-01,초코라떼,라떼/기타,12,66000
2024-06-01,에스프레소,커피,7,24500
2024-06-01,디카페인 아메리카노,커피,8,40000
2024-06-02,아메리카노,커피,59,265500
2024-06-02,카페라떼,라떼/기타,37,185000
2024-06-02,바닐라라떼,라떼/기타,22,121000
2024-06-02,콜드브루,커피,20,110000
2024-06-02,카푸치노,라떼/기타,12,60000
2024-06-02,녹차라떼,라떼/기타,11,60500
2024-06-02,초코라떼,라떼/기타,5,27500
2024-06-02,에스프레소,커피,8,28000
2024-06-02,디카페인 아메리카노,커피,5,25000
2024-06-03,아메리카노,커피,54,243000
2024-06-03,카페라떼,라떼/기타,33,165000
2024-06-03,바닐라라떼,라떼/기타,19,104500
2024-06-03,콜드브루,커피,17,93500
2024-06-03,카푸치노,라떼/기타,9,45000
2024-06-03,녹차라떼,라떼/기타,11,60500
2024-06-03,초코라떼,라떼/기타,7,38500
2024-06-03,에스프레소,커피,6,21000
2024-06-03,디카페인 아메리카노,커피,3,15000
2024-06-04,아메리카노,커피,47,211500
2024-06-04,카페라떼,라떼/기타,31,155000
2024-06-04,바닐라라떼,라떼/기타,13,71500
2024-06-04,콜드브루,커피,18,99000
2024-06-04,카푸치노,라떼/기타,9,45000
2024-06-04,녹차라떼,라떼/기타,14,77000
2024-06-04,초코라떼,라떼/기타,6,33000
2024-06-04,에스프레소,커피,7,24500
2024-06-04,디카페인 아메리카노,커피,2,10000
2024-06-05,아메리카노,커피,38,171000
2024-06-05,카페라떼,라떼/기타,27,135000
2024-06-05,바닐라라떼,라떼/기타,11,60500
2024-06-05,콜드브루,커피,14,77000
2024-06-05,카푸치노,라떼/기타,8,40000
2024-06-05,녹차라떼,라떼/기타,8,44000
2024-06-05,초코라떼,라떼/기타,6,33000
2024-06-05,에스프레소,커피,4,14000
2024-06-05,디카페인 아메리카노,커피,3,15000
2024-06-06,아메리카노,커피,53,238500
2024-06-06,카페라떼,라떼/기타,47,235000
2024-06-06,바닐라라떼,라떼/기타,21,115500
2024-06-06,콜드브루,커피,31,170500
2024-06-06,카푸치노,라떼/기타,8,40000
2024-06-06,녹차라떼,라떼/기타,15,82500
2024-06-06,초코라떼,라떼/기타,13,71500
2024-06-06,에스프레소,커피,5,17500
2024-06-06,디카페인 아메리카노,커피,6,30000
2024-06-07,아메리카노,커피,58,261000
2024-06-07,카페라떼,라떼/기타,41,205000
2024-06-07,바닐라라떼,라떼/기타,18,99000
2024-06-07,콜드브루,커피,30,165000
2024-06-07,카푸치노,라떼/기타,9,45000
2024-06-07,녹차라떼,라떼/기타,12,66000
2024-06-07,초코라떼,라떼/기타,9,49500
2024-06-07,에스프레소,커피,8,28000
2024-06-07,디카페인 아메리카노,커피,6,30000
2024-06-08,아메리카노,커피,111,499500
2024-06-08,카페라떼,라떼/기타,39,195000
2024-06-08,바닐라라떼,라떼/기타,28,154000
2024-06-08,콜드브루,커피,20,110000
2024-06-08,카푸치노,라떼/기타,12,60000
2024-06-08,녹차라떼,라떼/기타,11,60500
2024-06-08,초코라떼,라떼/기타,10,55000
2024-06-08,에스프레소,커피,11,38500
2024-06-08,디카페인 아메리카노,커피,6,30000
2024-06-09,아메리카노,커피,32,144000
2024-06-09,카페라떼,라떼/기타,37,185000
2024-06-09,바닐라라떼,라떼/기타,14,77000
2024-06-09,콜드브루,커피,21,115500
2024-06-09,카푸치노,라떼/기타,11,55000
2024-06-09,녹차라떼,라떼/기타,8,44000
2024-06-09,초코라떼,라떼/기타,7,38500
2024-06-09,에스프레소,커피,6,21000
2024-06-09,디카페인 아메리카노,커피,6,30000
2024-06-10,아메리카노,커피,71,319500
2024-06-10,카페라떼,라떼/기타,32,160000
2024-06-10,바닐라라떼,라떼/기타,17,93500
2024-06-10,콜드브루,커피,14,77000
2024-06-10,카푸치노,라떼/기타,10,50000
2024-06-10,녹차라떼,라떼/기타,9,49500
2024-06-10,초코라떼,라떼/기타,9,49500
2024-06-10,에스프레소,커피,5,17500
2024-06-10,디카페인 아메리카노,커피,2,10000
2024-06-11,아메리카노,커피,34,153000
2024-06-11,카페라떼,라떼/기타,32,160000
2024-06-11,바닐라라떼,라떼/기타,21,115500
2024-06-11,콜드브루,커피,14,77000
2024-06-11,카푸치노,라떼/기타,8,40000
2024-06-11,녹차라떼,라떼/기타,4,22000
2024-06-11,초코라떼,라떼/기타,6,33000
2024-06-11,에스프레소,커피,6,21000
2024-06-11,디카페인 아메리카노,커피,4,20000
2024-06-12,아메리카노,커피,38,171000
2024-06-12,카페라떼,라떼/기타,27,135000
2024-06-12,바닐라라떼,라떼/기타,14,77000
2024-06-12,콜드브루,커피,34,187000
2024-06-12,카푸치노,라떼/기타,7,35000
2024-06-12,녹차라떼,라떼/기타,7,38500
2024-06-12,초코라떼,라떼/기타,6,33000
2024-06-12,에스프레소,커피,6,21000
2024-06-12,디카페인 아메리카노,커피,3,15000
2024-06-13,아메리카노,커피,55,247500
2024-06-13,카페라떼,라떼/기타,19,95000
2024-06-13,바닐라라떼,라떼/기타,15,82500
2024-06-13,콜드브루,커피,16,88000
2024-06-13,카푸치노,라떼/기타,4,20000
2024-06-13,녹차라떼,라떼/기타,9,49500
2024-06-13,초코라떼,라떼/기타,6,33000
2024-06-13,에스프레소,커피,6,21000
2024-06-13,디카페인 아메리카노,커피,5,25000
2024-06-14,아메리카노,커피,67,301500
2024-06-14,카페라떼,라떼/기타,43,215000
2024-06-14,바닐라라떼,라떼/기타,27,148500
2024-06-14,콜드브루,커피,21,115500
2024-06-14,카푸치노,라떼/기타,13,65000
2024-06-14,녹차라떼,라떼/기타,9,49500
2024-06-14,초코라떼,라떼/기타,5,27500
2024-06-14,에스프레소,커피,7,24500
2024-06-14,디카페인 아메리카노,커피,7,35000
2024-06-15,아메리카노,커피,94,423000
2024-06-15,카페라떼,라떼/기타,35,175000
2024-06-15,바닐라라떼,라떼/기타,21,115500
2024-06-15,콜드브루,커피,24,132000
2024-06-15,카푸치노,라떼/기타,10,50000
2024-06-15,녹차라떼,라떼/기타,16,88000
2024-06-15,초코라떼,라떼/기타,9,49500
2024-06-15,에스프레소,커피,8,28000
2024-06-15,디카페인 아메리카노,커피,6,30000
2024-06-16,아메리카노,커피,59,265500
2024-06-16,카페라떼,라떼/기타,27,135000
2024-06-16,바닐라라떼,라떼/기타,12,66000
2024-06-16,콜드브루,커피,12,66000
2024-06-16,카푸치노,라떼/기타,14,70000
2024-06-16,녹차라떼,라떼/기타,8,44000
2024-06-16,초코라떼,라떼/기타,9,49500
2024-06-16,에스프레소,커피,8,28000
2024-06-16,디카페인 아메리카노,커피,4,20000
2024-06-17,아메리카노,커피,37,166500
2024-06-17,카페라떼,라떼/기타,32,160000
2024-06-17,바닐라라떼,라떼/기타,14,77000
2024-06-17,콜드브루,커피,9,49500
2024-06-17,카푸치노,라떼/기타,10,50000
2024-06-17,녹차라떼,라떼/기타,8,44000
2024-06-17,초코라떼,라떼/기타,7,38500
2024-06-17,에스프레소,커피,7,24500
2024-06-17,디카페인 아메리카노,커피,4,20000
2024-06-18,아메리카노,커피,25,112500
2024-06-18,카페라떼,라떼/기타,37,185000
2024-06-18,바닐라라떼,라떼/기타,15,82500
2024-06-18,콜드브루,커피,12,66000
2024-06-18,카푸치노,라떼/기타,9,45000
2024-06-18,녹차라떼,라떼/기타,12,66000
2024-06-18,초코라떼,라떼/기타,5,27500
2024-06-18,에스프레소,커피,4,14000
2024-06-18,디카페인 아메리카노,커피,5,25000
2024-06-19,아메리카노,커피,60,270000
2024-06-19,카페라떼,라떼/기타,30,150000
2024-06-19,바닐라라떼,라떼/기타,13,71500
2024-06-19,콜드브루,커피,16,88000
2024-06-19,카푸치노,라떼/기타,11,55000
2024-06-19,녹차라떼,라떼/기타,8,44000
2024-06-19,초코라떼,라떼/기타,4,22000
2024-06-19,에스프레소,커피,6,21000
2024-06-19,디카페인 아메리카노,커피,3,15000
2024-06-20,아메리카노,커피,55,247500
2024-06-20,카페라떼,라떼/기타,26,130000
2024-06-20,바닐라라떼,라떼/기타,22,121000
2024-06-20,콜드브루,커피,41,225500
2024-06-20,카푸치노,라떼/기타,9,45000
2024-06-20,녹차라떼,라떼/기타,13,71500
2024-06-20,초코라떼,라떼/기타,13,71500
2024-06-20,에스프레소,커피,7,24500
2024-06-20,디카페인 아메리카노,커피,5,25000
2024-06-21,아메리카노,커피,55,247500
2024-06-21,카페라떼,라떼/기타,41,205000
2024-06-21,바닐라라떼,라떼/기타,24,132000
2024-06-21,콜드브루,커피,15,82500
2024-06-21,카푸치노,라떼/기타,11,55000
2024-06-21,녹차라떼,라떼/기타,11,60500
2024-06-21,초코라떼,라떼/기타,7,38500
2024-06-21,에스프레소,커피,5,17500
2024-06-21,디카페인 아메리카노,커피,5,25000
2024-06-22,아메리카노,커피,85,382500
2024-06-22,카페라떼,라떼/기타,41,205000
2024-06-22,바닐라라떼,라떼/기타,19,104500
2024-06-22,콜드브루,커피,35,192500
2024-06-22,카푸치노,라떼/기타,10,50000
2024-06-22,녹차라떼,라떼/기타,8,44000
2024-06-22,초코라떼,라떼/기타,10,55000
2024-06-22,에스프레소,커피,13,45500
2024-06-22,디카페인 아메리카노,커피,8,40000
2024-06-23,아메리카노,커피,47,211500
2024-06-23,카페라떼,라떼/기타,34,170000
2024-06-23,바닐라라떼,라떼/기타,14,77000
2024-06-23,콜드브루,커피,34,187000
2024-06-23,카푸치노,라떼/기타,8,40000
2024-06-23,녹차라떼,라떼/기타,12,66000
2024-06-23,초코라떼,라떼/기타,9,49500
2024-06-23,에스프레소,커피,4,14000
2024-06-23,디카페인 아메리카노,커피,5,25000
2024-06-24,아메리카노,커피,47,211500
2024-06-24,카페라떼,라떼/기타,27,135000
2024-06-24,바닐라라떼,라떼/기타,13,71500
2024-06-24,콜드브루,커피,24,132000
2024-06-24,카푸치노,라떼/기타,7,35000
2024-06-24,녹차라떼,라떼/기타,6,33000
2024-06-24,초코라떼,라떼/기타,6,33000
2024-06-24,에스프레소,커피,4,14000
2024-06-24,디카페인 아메리카노,커피,3,15000
2024-06-25,아메리카노,커피,45,202500
2024-06-25,카페라떼,라떼/기타,36,180000
2024-06-25,바닐라라떼,라떼/기타,18,99000
2024-06-25,콜드브루,커피,26,143000
2024-06-25,카푸치노,라떼/기타,5,25000
2024-06-25,녹차라떼,라떼/기타,11,60500
2024-06-25,초코라떼,라떼/기타,7,38500
2024-06-25,에스프레소,커피,8,28000
2024-06-25,디카페인 아메리카노,커피,5,25000
2024-06-26,아메리카노,커피,73,328500
2024-06-26,카페라떼,라떼/기타,23,115000
2024-06-26,바닐라라떼,라떼/기타,19,104500
2024-06-26,콜드브루,커피,14,77000
2024-06-26,카푸치노,라떼/기타,11,55000
2024-06-26,녹차라떼,라떼/기타,11,60500
2024-06-26,초코라떼,라떼/기타,7,38500
2024-06-26,에스프레소,커피,5,17500
2024-06-26,디카페인 아메리카노,커피,3,15000
2024-06-27,아메리카노,커피,66,297000
2024-06-27,카페라떼,라떼/기타,41,205000
2024-06-27,바닐라라떼,라떼/기타,16,88000
2024-06-27,콜드브루,커피,23,126500
2024-06-27,카푸치노,라떼/기타,7,35000
2024-06-27,녹차라떼,라떼/기타,12,66000
2024-06-27,초코라떼,라떼/기타,7,38500
2024-06-27,에스프레소,커피,8,28000
2024-06-27,디카페인 아메리카노,커피,4,20000
2024-06-28,아메리카노,커피,109,490500
2024-06-28,카페라떼,라떼/기타,37,185000
2024-06-28,바닐라라떼,라떼/기타,25,137500
2024-06-28,콜드브루,커피,54,297000
2024-06-28,카푸치노,라떼/기타,10,50000
2024-06-28,녹차라떼,라떼/기타,15,82500
2024-06-28,초코라떼,라떼/기타,9,49500
2024-06-28,에스프레소,커피,10,35000
2024-06-28,디카페인 아메리카노,커피,4,20000
2024-06-29,아메리카노,커피,76,342000
2024-06-29,카페라떼,라떼/기타,29,145000
2024-06-29,바닐라라떼,라떼/기타,26,143000
2024-06-29,콜드브루,커피,14,77000
2024-06-29,카푸치노,라떼/기타,14,70000
2024-06-29,녹차라떼,라떼/기타,10,55000
2024-06-29,초코라떼,라떼/기타,11,60500
2024-06-29,에스프레소,커피,8,28000
2024-06-29,디카페인 아메리카노,커피,5,25000
2024-06-30,아메리카노,커피,55,247500
2024-06-30,카페라떼,라떼/기타,37,185000
2024-06-30,바닐라라떼,라떼/기타,9,49500
2024-06-30,콜드브루,커피,27,148500
2024-06-30,카푸치노,라떼/기타,8,40000
2024-06-30,녹차라떼,라떼/기타,13,71500
2024-06-30,초코라떼,라떼/기타,8,44000
2024-06-30,에스프레소,커피,5,17500
2024-06-30,디카페인 아메리카노,커피,4,20000
2024-07-01,아메리카노,커피,43,193500
2024-07-01,카페라떼,라떼/기타,20,100000
2024-07-01,바닐라라떼,라떼/기타,10,55000
2024-07-01,콜드브루,커피,15,82500
2024-07-01,카푸치노,라떼/기타,5,25000
2024-07-01,녹차라떼,라떼/기타,8,44000
2024-07-01,초코라떼,라떼/기타,8,44000
2024-07-01,에스프레소,커피,4,14000
2024-07-01,디카페인 아메리카노,커피,4,20000
2024-07-02,아메리카노,커피,46,207000
2024-07-02,카페라떼,라떼/기타,31,155000
2024-07-02,바닐라라떼,라떼/기타,11,60500
2024-07-02,콜드브루,커피,15,82500
2024-07-02,카푸치노,라떼/기타,9,45000
2024-07-02,녹차라떼,라떼/기타,7,38500
2024-07-02,초코라떼,라떼/기타,6,33000
2024-07-02,에스프레소,커피,6,21000
2024-07-02,디카페인 아메리카노,커피,5,25000
2024-07-03,아메리카노,커피,50,225000
2024-07-03,카페라떼,라떼/기타,34,170000
2024-07-03,바닐라라떼,라떼/기타,18,99000
2024-07-03,콜드브루,커피,20,110000
2024-07-03,카푸치노,라떼/기타,12,60000
2024-07-03,녹차라떼,라떼/기타,9,49500
2024-07-03,초코라떼,라떼/기타,7,38500
2024-07-03,에스프레소,커피,5,17500
2024-07-03,디카페인 아메리카노,커피,4,20000
2024-07-04,아메리카노,커피,82,369000
2024-07-04,카페라떼,라떼/기타,17,85000
2024-07-04,바닐라라떼,라떼/기타,19,104500
2024-07-04,콜드브루,커피,13,71500
2024-07-04,카푸치노,라떼/기타,17,85000
2024-07-04,녹차라떼,라떼/기타,9,49500
2024-07-04,초코라떼,라떼/기타,9,49500
2024-07-04,에스프레소,커피,7,24500
2024-07-04,디카페인 아메리카노,커피,5,25000
2024-07-05,아메리카노,커피,55,247500
2024-07-05,카페라떼,라떼/기타,34,170000
2024-07-05,바닐라라떼,라떼/기타,24,132000
2024-07-05,콜드브루,커피,45,247500
2024-07-05,카푸치노,라떼/기타,11,55000
2024-07-05,녹차라떼,라떼/기타,14,77000
2024-07-05,초코라떼,라떼/기타,8,44000
2024-07-05,에스프레소,커피,9,31500
2024-07-05,디카페인 아메리카노,커피,4,20000
2024-07-06,아메리카노,커피,94,423000
2024-07-06,카페라떼,라떼/기타,48,240000
2024-07-06,바닐라라떼,라떼/기타,24,132000
2024-07-06,콜드브루,커피,40,220000
2024-07-06,카푸치노,라떼/기타,14,70000
2024-07-06,녹차라떼,라떼/기타,17,93500
2024-07-06,초코라떼,라떼/기타,14,77000
2024-07-06,에스프레소,커피,13,45500
2024-07-06,디카페인 아메리카노,커피,8,40000
2024-07-07,아메리카노,커피,73,328500
2024-07-07,카페라떼,라떼/기타,31,155000
2024-07-07,바닐라라떼,라떼/기타,28,154000
2024-07-07,콜드브루,커피,23,126500
2024-07-07,카푸치노,라떼/기타,18,90000
2024-07-07,녹차라떼,라떼/기타,15,82500
2024-07-07,초코라떼,라떼/기타,8,44000
2024-07-07,에스프레소,커피,4,14000
2024-07-07,디카페인 아메리카노,커피,6,30000
2024-07-08,아메리카노,커피,51,229500
2024-07-08,카페라떼,라떼/기타,33,165000
2024-07-08,바닐라라떼,라떼/기타,6,33000
2024-07-08,콜드브루,커피,12,66000
2024-07-08,카푸치노,라떼/기타,9,45000
2024-07-08,녹차라떼,라떼/기타,7,38500
2024-07-08,초코라떼,라떼/기타,8,44000
2024-07-08,에스프레소,커피,5,17500
2024-07-08,디카페인 아메리카노,커피,6,30000
2024-07-09,아메리카노,커피,67,301500
2024-07-09,카페라떼,라떼/기타,32,160000
2024-07-09,바닐라라떼,라떼/기타,21,115500
2024-07-09,콜드브루,커피,18,99000
2024-07-09,카푸치노,라떼/기타,12,60000
2024-07-09,녹차라떼,라떼/기타,10,55000
2024-07-09,초코라떼,라떼/기타,7,38500
2024-07-09,에스프레소,커피,7,24500
2024-07-09,디카페인 아메리카노,커피,3,15000
2024-07-10,아메리카노,커피,46,207000
2024-07-10,카페라떼,라떼/기타,21,105000
2024-07-10,바닐라라떼,라떼/기타,15,82500
2024-07-10,콜드브루,커피,16,88000
2024-07-10,카푸치노,라떼/기타,4,20000
2024-07-10,녹차라떼,라떼/기타,8,44000
2024-07-10,초코라떼,라떼/기타,6,33000
2024-07-10,에스프레소,커피,7,24500
2024-07-10,디카페인 아메리카노,커피,3,15000
2024-07-11,아메리카노,커피,48,216000
2024-07-11,카페라떼,라떼/기타,36,180000
2024-07-11,바닐라라떼,라떼/기타,18,99000
2024-07-11,콜드브루,커피,27,148500
2024-07-11,카푸치노,라떼/기타,8,40000
2024-07-11,녹차라떼,라떼/기타,10,55000
2024-07-11,초코라떼,라떼/기타,8,44000
2024-07-11,에스프레소,커피,6,21000
2024-07-11,디카페인 아메리카노,커피,6,30000
2024-07-12,아메리카노,커피,83,373500
2024-07-12,카페라떼,라떼/기타,58,290000
2024-07-12,바닐라라떼,라떼/기타,26,143000
2024-07-12,콜드브루,커피,23,126500
2024-07-12,카푸치노,라떼/기타,14,70000
2024-07-12,녹차라떼,라떼/기타,8,44000
2024-07-12,초코라떼,라떼/기타,9,49500
2024-07-12,에스프레소,커피,9,31500
2024-07-12,디카페인 아메리카노,커피,8,40000
2024-07-13,아메리카노,커피,45,202500
2024-07-13,카페라떼,라떼/기타,30,150000
2024-07-13,바닐라라떼,라떼/기타,20,110000
2024-07-13,콜드브루,커피,29,159500
2024-07-13,카푸치노,라떼/기타,11,55000
2024-07-13,녹차라떼,라떼/기타,12,66000
2024-07-13,초코라떼,라떼/기타,11,60500
2024-07-13,에스프레소,커피,9,31500
2024-07-13,디카페인 아메리카노,커피,5,25000
2024-07-14,아메리카노,커피,68,306000
2024-07-14,카페라떼,라떼/기타,45,225000
2024-07-14,바닐라라떼,라떼/기타,17,93500
2024-07-14,콜드브루,커피,23,126500
2024-07-14,카푸치노,라떼/기타,10,50000
2024-07-14,녹차라떼,라떼/기타,10,55000
2024-07-14,초코라떼,라떼/기타,7,38500
2024-07-14,에스프레소,커피,5,17500
2024-07-14,디카페인 아메리카노,커피,6,30000
2024-07-17,아메리카노,커피,70,315000
2024-07-17,카페라떼,라떼/기타,38,190000
2024-07-17,바닐라라떼,라떼/기타,20,110000
2024-07-17,콜드브루,커피,20,110000
2024-07-17,카푸치노,라떼/기타,10,50000
2024-07-17,녹차라떼,라떼/기타,13,71500
2024-07-17,초코라떼,라떼/기타,6,33000
2024-07-17,에스프레소,커피,7,24500
2024-07-17,디카페인 아메리카노,커피,5,25000
2024-07-18,아메리카노,커피,44,198000
2024-07-18,카페라떼,라떼/기타,30,150000
2024-07-18,바닐라라떼,라떼/기타,12,66000
2024-07-18,콜드브루,커피,30,165000
2024-07-18,카푸치노,라떼/기타,5,25000
2024-07-18,녹차라떼,라떼/기타,7,38500
2024-07-18,초코라떼,라떼/기타,8,44000
2024-07-18,에스프레소,커피,5,17500
2024-07-18,디카페인 아메리카노,커피,6,30000
2024-07-19,아메리카노,커피,43,193500
2024-07-19,카페라떼,라떼/기타,37,185000
2024-07-19,바닐라라떼,라떼/기타,23,126500
2024-07-19,콜드브루,커피,24,132000
2024-07-19,카푸치노,라떼/기타,13,65000
2024-07-19,녹차라떼,라떼/기타,14,77000
2024-07-19,초코라떼,라떼/기타,8,44000
2024-07-19,에스프레소,커피,6,21000
2024-07-19,디카페인 아메리카노,커피,7,35000
2024-07-20,아메리카노,커피,61,274500
2024-07-20,카페라떼,라떼/기타,54,270000
2024-07-20,바닐라라떼,라떼/기타,21,115500
2024-07-20,콜드브루,커피,48,264000
2024-07-20,카푸치노,라떼/기타,12,60000
2024-07-20,녹차라떼,라떼/기타,17,93500
2024-07-20,초코라떼,라떼/기타,9,49500
2024-07-20,에스프레소,커피,8,28000
2024-07-20,디카페인 아메리카노,커피,3,15000
2024-07-21,아메리카노,커피,65,292500
2024-07-21,카페라떼,라떼/기타,26,130000
2024-07-21,바닐라라떼,라떼/기타,21,115500
2024-07-21,콜드브루,커피,29,159500
2024-07-21,카푸치노,라떼/기타,6,30000
2024-07-21,녹차라떼,라떼/기타,11,60500
2024-07-21,초코라떼,라떼/기타,9,49500
2024-07-21,에스프레소,커피,4,14000
2024-07-21,디카페인 아메리카노,커피,4,20000
2024-07-22,아메리카노,커피,40,180000
2024-07-22,카페라떼,라떼/기타,31,155000
2024-07-22,바닐라라떼,라떼/기타,10,55000
2024-07-22,콜드브루,커피,15,82500
2024-07-22,카푸치노,라떼/기타,10,50000
2024-07-22,녹차라떼,라떼/기타,5,27500
2024-07-22,초코라떼,라떼/기타,7,38500
2024-07-22,에스프레소,커피,5,17500
2024-07-22,디카페인 아메리카노,커피,4,20000
2024-07-23,아메리카노,커피,38,171000
2024-07-23,카페라떼,라떼/기타,24,120000
2024-07-23,바닐라라떼,라떼/기타,16,88000
2024-07-23,콜드브루,커피,12,66000
2024-07-23,카푸치노,라떼/기타,9,45000
2024-07-23,녹차라떼,라떼/기타,8,44000
2024-07-23,초코라떼,라떼/기타,8,44000
2024-07-23,에스프레소,커피,4,14000
2024-07-23,디카페인 아메리카노,커피,2,10000
2024-07-24,아메리카노,커피,54,243000
2024-07-24,카페라떼,라떼/기타,26,130000
2024-07-24,바닐라라떼,라떼/기타,17,93500
2024-07-24,콜드브루,커피,32,176000
2024-07-24,카푸치노,라떼/기타,7,35000
2024-07-24,녹차라떼,라떼/기타,13,71500
2024-07-24,초코라떼,라떼/기타,6,33000
2024-07-24,에스프레소,커피,6,21000
2024-07-24,디카페인 아메리카노,커피,3,15000
2024-07-25,아메리카노,커피,54,243000
2024-07-25,카페라떼,라떼/기타,33,165000
2024-07-25,바닐라라떼,라떼/기타,26,143000
2024-07-25,콜드브루,커피,21,115500
2024-07-25,카푸치노,라떼/기타,7,35000
2024-07-25,녹차라떼,라떼/기타,10,55000
2024-07-25,초코라떼,라떼/기타,8,44000
2024-07-25,에스프레소,커피,7,24500
2024-07-25,디카페인 아메리카노,커피,5,25000
2024-07-26,아메리카노,커피,50,225000
2024-07-26,카페라떼,라떼/기타,50,250000
2024-07-26,바닐라라떼,라떼/기타,18,99000
2024-07-26,콜드브루,커피,49,269500
2024-07-26,카푸치노,라떼/기타,12,60000
2024-07-26,녹차라떼,라떼/기타,14,77000
2024-07-26,초코라떼,라떼/기타,12,66000
2024-07-26,에스프레소,커피,11,38500
2024-07-26,디카페인 아메리카노,커피,7,35000
2024-07-27,아메리카노,커피,104,468000
2024-07-27,카페라떼,라떼/기타,59,295000
2024-07-27,바닐라라떼,라떼/기타,20,110000
2024-07-27,콜드브루,커피,32,176000
2024-07-27,카푸치노,라떼/기타,15,75000
2024-07-27,녹차라떼,라떼/기타,17,93500
2024-07-27,초코라떼,라떼/기타,8,44000
2024-07-27,에스프레소,커피,9,31500
2024-07-27,디카페인 아메리카노,커피,7,35000
2024-07-28,아메리카노,커피,43,193500
2024-07-28,카페라떼,라떼/기타,25,125000
2024-07-28,바닐라라떼,라떼/기타,15,82500
2024-07-28,콜드브루,커피,27,148500
2024-07-28,카푸치노,라떼/기타,9,45000
2024-07-28,녹차라떼,라떼/기타,9,49500
2024-07-28,초코라떼,라떼/기타,5,27500
2024-07-28,에스프레소,커피,6,21000
2024-07-28,디카페인 아메리카노,커피,3,15000
2024-07-29,아메리카노,커피,63,283500
2024-07-29,카페라떼,라떼/기타,26,130000
2024-07-29,바닐라라떼,라떼/기타,14,77000
2024-07-29,콜드브루,커피,13,71500
2024-07-29,카푸치노,라떼/기타,13,65000
2024-07-29,녹차라떼,라떼/기타,8,44000
2024-07-29,초코라떼,라떼/기타,4,22000
2024-07-29,에스프레소,커피,4,14000
2024-07-29,디카페인 아메리카노,커피,3,15000
2024-07-30,아메리카노,커피,42,189000
2024-07-30,카페라떼,라떼/기타,26,130000
2024-07-30,바닐라라떼,라떼/기타,14,77000
2024-07-30,콜드브루,커피,26,143000
2024-07-30,카푸치노,라떼/기타,6,30000
2024-07-30,녹차라떼,라떼/기타,8,44000
2024-07-30,초코라떼,라떼/기타,8,44000
2024-07-30,에스프레소,커피,3,10500
2024-07-30,디카페인 아메리카노,커피,2,10000
2024-07-31,아메리카노,커피,62,279000
2024-07-31,카페라떼,라떼/기타,30,150000
2024-07-31,바닐라라떼,라떼/기타,14,77000
2024-07-31,콜드브루,커피,27,148500
2024-07-31,카푸치노,라떼/기타,10,50000
2024-07-31,녹차라떼,라떼/기타,10,55000
2024-07-31,초코라떼,라떼/기타,10,55000
2024-07-31,에스프레소,커피,5,17500
2024-07-31,디카페인 아메리카노,커피,5,25000
2024-08-01,아메리카노,커피,64,288000
2024-08-01,카페라떼,라떼/기타,31,155000
2024-08-01,바닐라라떼,라떼/기타,13,71500
2024-08-01,콜드브루,커피,32,176000
2024-08-01,카푸치노,라떼/기타,10,50000
2024-08-01,녹차라떼,라떼/기타,11,60500
2024-08-01,초코라떼,라떼/기타,10,55000
2024-08-01,에스프레소,커피,4,14000
2024-08-01,디카페인 아메리카노,커피,4,20000
2024-08-02,아메리카노,커피,71,319500
2024-08-02,카페라떼,라떼/기타,37,185000
2024-08-02,바닐라라떼,라떼/기타,18,99000
2024-08-02,콜드브루,커피,48,264000
2024-08-02,카푸치노,라떼/기타,9,45000
2024-08-02,녹차라떼,라떼/기타,8,44000
2024-08-02,초코라떼,라떼/기타,13,71500
2024-08-02,에스프레소,커피,4,14000
2024-08-02,디카페인 아메리카노,커피,6,30000
2024-08-03,아메리카노,커피,85,382500
2024-08-03,카페라떼,라떼/기타,45,225000
2024-08-03,바닐라라떼,라떼/기타,21,115500
2024-08-03,콜드브루,커피,37,203500
2024-08-03,카푸치노,라떼/기타,15,75000
2024-08-03,녹차라떼,라떼/기타,12,66000
2024-08-03,초코라떼,라떼/기타,10,55000
2024-08-03,에스프레소,커피,8,28000
2024-08-03,디카페인 아메리카노,커피,8,40000
2024-08-04,아메리카노,커피,73,328500
2024-08-04,카페라떼,라떼/기타,38,190000
2024-08-04,바닐라라떼,라떼/기타,20,110000
2024-08-04,콜드브루,커피,27,148500
2024-08-04,카푸치노,라떼/기타,7,35000
2024-08-04,녹차라떼,라떼/기타,11,60500
2024-08-04,초코라떼,라떼/기타,9,49500
2024-08-04,에스프레소,커피,5,17500
2024-08-04,디카페인 아메리카노,커피,5,25000
2024-08-05,아메리카노,커피,57,256500
2024-08-05,카페라떼,라떼/기타,31,155000
2024-08-05,바닐라라떼,라떼/기타,11,60500
2024-08-05,콜드브루,커피,17,93500
2024-08-05,카푸치노,라떼/기타,9,45000
2024-08-05,녹차라떼,라떼/기타,12,66000
2024-08-05,초코라떼,라떼/기타,6,33000
2024-08-05,에스프레소,커피,5,17500
2024-08-05,디카페인 아메리카노,커피,4,20000
2024-08-06,아메리카노,커피,54,243000
2024-08-06,카페라떼,라떼/기타,27,135000
2024-08-06,바닐라라떼,라떼/기타,13,71500
2024-08-06,콜드브루,커피,17,93500
2024-08-06,카푸치노,라떼/기타,10,50000
2024-08-06,녹차라떼,라떼/기타,8,44000
2024-08-06,초코라떼,라떼/기타,7,38500
2024-08-06,에스프레소,커피,2,7000
2024-08-06,디카페인 아메리카노,커피,3,15000
2024-08-07,아메리카노,커피,67,301500
2024-08-07,카페라떼,라떼/기타,41,205000
2024-08-07,바닐라라떼,라떼/기타,16,88000
2024-08-07,콜드브루,커피,26,143000
2024-08-07,카푸치노,라떼/기타,8,40000
2024-08-07,녹차라떼,라떼/기타,14,77000
2024-08-07,초코라떼,라떼/기타,11,60500
2024-08-07,에스프레소,커피,4,14000
2024-08-07,디카페인 아메리카노,커피,3,15000
2024-08-08,아메리카노,커피,34,153000
2024-08-08,카페라떼,라떼/기타,24,120000
2024-08-08,바닐라라떼,라떼/기타,13,71500
2024-08-08,콜드브루,커피,25,137500
2024-08-08,카푸치노,라떼/기타,9,45000
2024-08-08,녹차라떼,라떼/기타,10,55000
2024-08-08,초코라떼,라떼/기타,2,11000
2024-08-08,에스프레소,커피,6,21000
2024-08-08,디카페인 아메리카노,커피,4,20000
2024-08-09,아메리카노,커피,78,351000
2024-08-09,카페라떼,라떼/기타,56,280000
2024-08-09,바닐라라떼,라떼/기타,24,132000
2024-08-09,콜드브루,커피,25,137500
2024-08-09,카푸치노,라떼/기타,11,55000
2024-08-09,녹차라떼,라떼/기타,13,71500
2024-08-09,초코라떼,라떼/기타,12,66000
2024-08-09,에스프레소,커피,7,24500
2024-08-09,디카페인 아메리카노,커피,6,30000
2024-08-10,아메리카노,커피,114,513000
2024-08-10,카페라떼,라떼/기타,39,195000
2024-08-10,바닐라라떼,라떼/기타,30,165000
2024-08-10,콜드브루,커피,26,143000
2024-08-10,카푸치노,라떼/기타,26,130000
2024-08-10,녹차라떼,라떼/기타,18,99000
2024-08-10,초코라떼,라떼/기타,16,88000
2024-08-10,에스프레소,커피,9,31500
2024-08-10,디카페인 아메리카노,커피,4,20000
2024-08-11,아메리카노,커피,79,355500
2024-08-11,카페라떼,라떼/기타,47,235000
2024-08-11,바닐라라떼,라떼/기타,22,121000
2024-08-11,콜드브루,커피,16,88000
2024-08-11,카푸치노,라떼/기타,10,50000
2024-08-11,녹차라떼,라떼/기타,10,55000
2024-08-11,초코라떼,라떼/기타,6,33000
2024-08-11,에스프레소,커피,6,21000
2024-08-11,디카페인 아메리카노,커피,5,25000
2024-08-12,아메리카노,커피,67,301500
2024-08-12,카페라떼,라떼/기타,29,145000
2024-08-12,바닐라라떼,라떼/기타,16,88000
2024-08-12,콜드브루,커피,10,55000
2024-08-12,카푸치노,라떼/기타,8,40000
2024-08-12,녹차라떼,라떼/기타,9,49500
2024-08-12,초코라떼,라떼/기타,5,27500
2024-08-12,에스프레소,커피,6,21000
2024-08-12,디카페인 아메리카노,커피,3,15000
2024-08-13,아메리카노,커피,43,193500
2024-08-13,카페라떼,라떼/기타,24,120000
2024-08-13,바닐라라떼,라떼/기타,16,88000
2024-08-13,콜드브루,커피,8,44000
2024-08-13,카푸치노,라떼/기타,9,45000
2024-08-13,녹차라떼,라떼/기타,9,49500
2024-08-13,초코라떼,라떼/기타,8,44000
2024-08-13,에스프레소,커피,4,14000
2024-08-13,디카페인 아메리카노,커피,5,25000
2024-08-14,아메리카노,커피,70,315000
2024-08-14,카페라떼,라떼/기타,33,165000
2024-08-14,바닐라라떼,라떼/기타,20,110000
2024-08-14,콜드브루,커피,12,66000
2024-08-14,카푸치노,라떼/기타,15,75000
2024-08-14,녹차라떼,라떼/기타,12,66000
2024-08-14,초코라떼,라떼/기타,6,33000
2024-08-14,에스프레소,커피,8,28000
2024-08-14,디카페인 아메리카노,커피,5,25000
2024-08-15,아메리카노,커피,65,292500
2024-08-15,카페라떼,라떼/기타,27,135000
2024-08-15,바닐라라떼,라떼/기타,25,137500
2024-08-15,콜드브루,커피,37,203500
2024-08-15,카푸치노,라떼/기타,8,40000
2024-08-15,녹차라떼,라떼/기타,13,71500
2024-08-15,초코라떼,라떼/기타,10,55000
2024-08-15,에스프레소,커피,8,28000
2024-08-15,디카페인 아메리카노,커피,6,30000
2024-08-16,아메리카노,커피,77,346500
2024-08-16,카페라떼,라떼/기타,33,165000
2024-08-16,바닐라라떼,라떼/기타,20,110000
2024-08-16,콜드브루,커피,19,104500
2024-08-16,카푸치노,라떼/기타,17,85000
2024-08-16,녹차라떼,라떼/기타,16,88000
2024-08-16,초코라떼,라떼/기타,9,49500
2024-08-16,에스프레소,커피,7,24500
2024-08-16,디카페인 아메리카노,커피,4,20000
2024-08-17,아메리카노,커피,101,454500
2024-08-17,카페라떼,라떼/기타,61,305000
2024-08-17,바닐라라떼,라떼/기타,25,137500
2024-08-17,콜드브루,커피,24,132000
2024-08-17,카푸치노,라떼/기타,14,70000
2024-08-17,녹차라떼,라떼/기타,11,60500
2024-08-17,초코라떼,라떼/기타,7,38500
2024-08-17,에스프레소,커피,11,38500
2024-08-17,디카페인 아메리카노,커피,5,25000
2024-08-18,아메리카노,커피,73,328500
2024-08-18,카페라떼,라떼/기타,35,175000
2024-08-18,바닐라라떼,라떼/기타,26,143000
2024-08-18,콜드브루,커피,20,110000
2024-08-18,카푸치노,라떼/기타,16,80000
2024-08-18,녹차라떼,라떼/기타,18,99000
2024-08-18,초코라떼,라떼/기타,9,49500
2024-08-18,에스프레소,커피,9,31500
2024-08-18,디카페인 아메리카노,커피,5,25000
2024-08-19,아메리카노,커피,44,198000
2024-08-19,카페라떼,라떼/기타,31,155000
2024-08-19,바닐라라떼,라떼/기타,16,88000
2024-08-19,콜드브루,커피,34,187000
2024-08-19,카푸치노,라떼/기타,6,30000
2024-08-19,녹차라떼,라떼/기타,8,44000
2024-08-19,초코라떼,라떼/기타,9,49500
2024-08-19,에스프레소,커피,5,17500
2024-08-19,디카페인 아메리카노,커피,5,25000
2024-08-20,아메리카노,커피,74,333000
2024-08-20,카페라떼,라떼/기타,37,185000
2024-08-20,바닐라라떼,라떼/기타,17,93500
2024-08-20,콜드브루,커피,20,110000
2024-08-20,카푸치노,라떼/기타,10,50000
2024-08-20,녹차라떼,라떼/기타,10,55000
2024-08-20,초코라떼,라떼/기타,8,44000
2024-08-20,에스프레소,커피,8,28000
2024-08-20,디카페인 아메리카노,커피,4,20000
2024-08-21,아메리카노,커피,91,409500
2024-08-21,카페라떼,라떼/기타,45,225000
2024-08-21,바닐라라떼,라떼/기타,23,126500
2024-08-21,콜드브루,커피,17,93500
2024-08-21,카푸치노,라떼/기타,11,55000
2024-08-21,녹차라떼,라떼/기타,14,77000
2024-08-21,초코라떼,라떼/기타,11,60500
2024-08-21,에스프레소,커피,9,31500
2024-08-21,디카페인 아메리카노,커피,7,35000
2024-08-22,아메리카노,커피,104,468000
2024-08-22,카페라떼,라떼/기타,31,155000
2024-08-22,바닐라라떼,라떼/기타,19,104500
2024-08-22,콜드브루,커피,35,192500
2024-08-22,카푸치노,라떼/기타,8,40000
2024-08-22,녹차라떼,라떼/기타,11,60500
2024-08-22,초코라떼,라떼/기타,6,33000
2024-08-22,에스프레소,커피,5,17500
2024-08-22,디카페인 아메리카노,커피,5,25000
2024-08-23,아메리카노,커피,49,220500
2024-08-23,카페라떼,라떼/기타,26,130000
2024-08-23,바닐라라떼,라떼/기타,20,110000
2024-08-23,콜드브루,커피,11,60500
2024-08-23,카푸치노,라떼/기타,14,70000
2024-08-23,녹차라떼,라떼/기타,7,38500
2024-08-23,초코라떼,라떼/기타,5,27500
2024-08-23,에스프레소,커피,7,24500
2024-08-23,디카페인 아메리카노,커피,3,15000
2024-08-24,아메리카노,커피,65,292500
2024-08-24,카페라떼,라떼/기타,51,255000
2024-08-24,바닐라라떼,라떼/기타,25,137500
2024-08-24,콜드브루,커피,26,143000
2024-08-24,카푸치노,라떼/기타,17,85000
2024-08-24,녹차라떼,라떼/기타,15,82500
2024-08-24,초코라떼,라떼/기타,10,55000
2024-08-24,에스프레소,커피,4,14000
2024-08-24,디카페인 아메리카노,커피,9,45000
2024-08-25,아메리카노,커피,35,157500
2024-08-25,카페라떼,라떼/기타,35,175000
2024-08-25,바닐라라떼,라떼/기타,20,110000
2024-08-25,콜드브루,커피,36,198000
2024-08-25,카푸치노,라떼/기타,7,35000
2024-08-25,녹차라떼,라떼/기타,4,22000
2024-08-25,초코라떼,라떼/기타,7,38500
2024-08-25,에스프레소,커피,6,21000
2024-08-25,디카페인 아메리카노,커피,5,25000
2024-08-26,아메리카노,커피,65,292500
2024-08-26,카페라떼,라떼/기타,38,190000
2024-08-26,바닐라라떼,라떼/기타,17,93500
2024-08-26,콜드브루,커피,12,66000
2024-08-26,카푸치노,라떼/기타,16,80000
2024-08-26,녹차라떼,라떼/기타,8,44000
2024-08-26,초코라떼,라떼/기타,9,49500
2024-08-26,에스프레소,커피,7,24500
2024-08-26,디카페인 아메리카노,커피,5,25000
2024-08-27,아메리카노,커피,28,126000
2024-08-27,카페라떼,라떼/기타,32,160000
2024-08-27,바닐라라떼,라떼/기타,19,104500
2024-08-27,콜드브루,커피,13,71500
2024-08-27,카푸치노,라떼/기타,12,60000
2024-08-27,녹차라떼,라떼/기타,10,55000
2024-08-27,초코라떼,라떼/기타,9,49500
2024-08-27,에스프레소,커피,6,21000
2024-08-27,디카페인 아메리카노,커피,5,25000
2024-08-28,아메리카노,커피,40,180000
2024-08-28,카페라떼,라떼/기타,18,90000
2024-08-28,바닐라라떼,라떼/기타,9,49500
2024-08-28,콜드브루,커피,8,44000
2024-08-28,카푸치노,라떼/기타,13,65000
2024-08-28,녹차라떼,라떼/기타,7,38500
2024-08-28,초코라떼,라떼/기타,5,27500
2024-08-28,에스프레소,커피,5,17500
2024-08-28,디카페인 아메리카노,커피,3,15000
2024-08-29,아메리카노,커피,71,319500
2024-08-29,카페라떼,라떼/기타,33,165000
2024-08-29,바닐라라떼,라떼/기타,14,77000
2024-08-29,콜드브루,커피,12,66000
2024-08-29,카푸치노,라떼/기타,12,60000
2024-08-29,녹차라떼,라떼/기타,10,55000
2024-08-29,초코라떼,라떼/기타,9,49500
2024-08-29,에스프레소,커피,8,28000
2024-08-29,디카페인 아메리카노,커피,4,20000
2024-08-30,아메리카노,커피,55,247500
2024-08-30,카페라떼,라떼/기타,32,160000
2024-08-30,바닐라라떼,라떼/기타,19,104500
2024-08-30,콜드브루,커피,18,99000
2024-08-30,카푸치노,라떼/기타,7,35000
2024-08-30,녹차라떼,라떼/기타,6,33000
2024-08-30,초코라떼,라떼/기타,8,44000
2024-08-30,에스프레소,커피,7,24500
2024-08-30,디카페인 아메리카노,커피,4,20000
2024-08-31,아메리카노,커피,67,301500
2024-08-31,카페라떼,라떼/기타,59,295000
2024-08-31,바닐라라떼,라떼/기타,25,137500
2024-08-31,콜드브루,커피,46,253000
2024-08-31,카푸치노,라떼/기타,5,25000
2024-08-31,녹차라떼,라떼/기타,17,93500
2024-08-31,초코라떼,라떼/기타,8,44000
2024-08-31,에스프레소,커피,7,24500
2024-08-31,디카페인 아메리카노,커피,4,20000
2024-09-01,아메리카노,커피,49,220500
2024-09-01,카페라떼,라떼/기타,36,180000
2024-09-01,바닐라라떼,라떼/기타,17,93500
2024-09-01,콜드브루,커피,32,176000
2024-09-01,카푸치노,라떼/기타,11,55000
2024-09-01,녹차라떼,라떼/기타,11,60500
2024-09-01,초코라떼,라떼/기타,6,33000
2024-09-01,에스프레소,커피,10,35000
2024-09-01,디카페인 아메리카노,커피,4,20000
2024-09-02,아메리카노,커피,46,207000
2024-09-02,카페라떼,라떼/기타,21,105000
2024-09-02,바닐라라떼,라떼/기타,17,93500
2024-09-02,콜드브루,커피,11,60500
2024-09-02,카푸치노,라떼/기타,14,70000
2024-09-02,녹차라떼,라떼/기타,13,71500
2024-09-02,초코라떼,라떼/기타,12,66000
2024-09-02,에스프레소,커피,7,24500
2024-09-02,디카페인 아메리카노,커피,5,25000
2024-09-03,아메리카노,커피,52,234000
2024-09-03,카페라떼,라떼/기타,20,100000
2024-09-03,바닐라라떼,라떼/기타,17,93500
2024-09-03,콜드브루,커피,16,88000
2024-09-03,카푸치노,라떼/기타,11,55000
2024-09-03,녹차라떼,라떼/기타,11,60500
2024-09-03,초코라떼,라떼/기타,9,49500
2024-09-03,에스프레소,커피,4,14000
2024-09-03,디카페인 아메리카노,커피,3,15000
2024-09-04,아메리카노,커피,61,274500
2024-09-04,카페라떼,라떼/기타,44,220000
2024-09-04,바닐라라떼,라떼/기타,16,88000
2024-09-04,콜드브루,커피,13,71500
2024-09-04,카푸치노,라떼/기타,13,65000
2024-09-04,녹차라떼,라떼/기타,11,60500
2024-09-04,초코라떼,라떼/기타,6,33000
2024-09-04,에스프레소,커피,8,28000
2024-09-04,디카페인 아메리카노,커피,6,30000
2024-09-05,아메리카노,커피,66,297000
2024-09-05,카페라떼,라떼/기타,19,95000
2024-09-05,바닐라라떼,라떼/기타,19,104500
2024-09-05,콜드브루,커피,17,93500
2024-09-05,카푸치노,라떼/기타,12,60000
2024-09-05,녹차라떼,라떼/기타,10,55000
2024-09-05,초코라떼,라떼/기타,9,49500
2024-09-05,에스프레소,커피,7,24500
2024-09-05,디카페인 아메리카노,커피,4,20000
2024-09-06,아메리카노,커피,31,139500
2024-09-06,카페라떼,라떼/기타,33,165000
2024-09-06,바닐라라떼,라떼/기타,19,104500
2024-09-06,콜드브루,커피,15,82500
2024-09-06,카푸치노,라떼/기타,12,60000
2024-09-06,녹차라떼,라떼/기타,13,71500
2024-09-06,초코라떼,라떼/기타,7,38500
2024-09-06,에스프레소,커피,6,21000
2024-09-06,디카페인 아메리카노,커피,4,20000
2024-09-07,아메리카노,커피,97,436500
2024-09-07,카페라떼,라떼/기타,40,200000
2024-09-07,바닐라라떼,라떼/기타,30,165000
2024-09-07,콜드브루,커피,24,132000
2024-09-07,카푸치노,라떼/기타,23,115000
2024-09-07,녹차라떼,라떼/기타,19,104500
2024-09-07,초코라떼,라떼/기타,10,55000
2024-09-07,에스프레소,커피,10,35000
2024-09-07,디카페인 아메리카노,커피,6,30000
2024-09-08,아메리카노,커피,64,288000
2024-09-08,카페라떼,라떼/기타,41,205000
2024-09-08,바닐라라떼,라떼/기타,18,99000
2024-09-08,콜드브루,커피,25,137500
2024-09-08,카푸치노,라떼/기타,8,40000
2024-09-08,녹차라떼,라떼/기타,9,49500
2024-09-08,초코라떼,라떼/기타,5,27500
2024-09-08,에스프레소,커피,5,17500
2024-09-08,디카페인 아메리카노,커피,5,25000
2024-09-09,아메리카노,커피,42,189000
2024-09-09,카페라떼,라떼/기타,27,135000
2024-09-09,바닐라라떼,라떼/기타,16,88000
2024-09-09,콜드브루,커피,15,82500
2024-09-09,카푸치노,라떼/기타,14,70000
2024-09-09,녹차라떼,라떼/기타,6,33000
2024-09-09,초코라떼,라떼/기타,8,44000
2024-09-09,에스프레소,커피,7,24500
2024-09-09,디카페인 아메리카노,커피,4,20000
2024-09-10,아메리카노,커피,45,202500
2024-09-10,카페라떼,라떼/기타,28,140000
2024-09-10,바닐라라떼,라떼/기타,20,110000
2024-09-10,콜드브루,커피,10,55000
2024-09-10,카푸치노,라떼/기타,12,60000
2024-09-10,녹차라떼,라떼/기타,9,49500
2024-09-10,초코라떼,라떼/기타,7,38500
2024-09-10,에스프레소,커피,7,24500
2024-09-10,디카페인 아메리카노,커피,5,25000
2024-09-11,아메리카노,커피,42,189000
2024-09-11,카페라떼,라떼/기타,34,170000
2024-09-11,바닐라라떼,라떼/기타,20,110000
2024-09-11,콜드브루,커피,15,82500
2024-09-11,카푸치노,라떼/기타,13,65000
2024-09-11,녹차라떼,라떼/기타,8,44000
2024-09-11,초코라떼,라떼/기타,8,44000
2024-09-11,에스프레소,커피,6,21000
2024-09-11,디카페인 아메리카노,커피,5,25000
2024-09-12,아메리카노,커피,62,279000
2024-09-12,카페라떼,라떼/기타,48,240000
2024-09-12,바닐라라떼,라떼/기타,25,137500
2024-09-12,콜드브루,커피,28,154000
2024-09-12,카푸치노,라떼/기타,11,55000
2024-09-12,녹차라떼,라떼/기타,13,71500
2024-09-12,초코라떼,라떼/기타,5,27500
2024-09-12,에스프레소,커피,7,24500
2024-09-12,디카페인 아메리카노,커피,4,20000
2024-09-13,아메리카노,커피,79,355500
2024-09-13,카페라떼,라떼/기타,23,115000
2024-09-13,바닐라라떼,라떼/기타,20,110000
2024-09-13,콜드브루,커피,23,126500
2024-09-13,카푸치노,라떼/기타,12,60000
2024-09-13,녹차라떼,라떼/기타,11,60500
2024-09-13,초코라떼,라떼/기타,11,60500
2024-09-13,에스프레소,커피,8,28000
2024-09-13,디카페인 아메리카노,커피,4,20000
2024-09-14,아메리카노,커피,71,319500
2024-09-14,카페라떼,라떼/기타,39,195000
2024-09-14,바닐라라떼,라떼/기타,18,99000
2024-09-14,콜드브루,커피,22,121000
2024-09-14,카푸치노,라떼/기타,15,75000
2024-09-14,녹차라떼,라떼/기타,14,77000
2024-09-14,초코라떼,라떼/기타,13,71500
2024-09-14,에스프레소,커피,10,35000
2024-09-14,디카페인 아메리카노,커피,7,35000
2024-09-15,아메리카노,커피,62,279000
2024-09-15,카페라떼,라떼/기타,32,160000
2024-09-15,바닐라라떼,라떼/기타,17,93500
2024-09-15,콜드브루,커피,19,104500
2024-09-15,카푸치노,라떼/기타,13,65000
2024-09-15,녹차라떼,라떼/기타,13,71500
2024-09-15,초코라떼,라떼/기타,7,38500
2024-09-15,에스프레소,커피,7,24500
2024-09-15,디카페인 아메리카노,커피,4,20000
2024-09-16,아메리카노,커피,55,247500
2024-09-16,카페라떼,라떼/기타,36,180000
2024-09-16,바닐라라떼,라떼/기타,19,104500
2024-09-16,콜드브루,커피,19,104500
2024-09-16,카푸치노,라떼/기타,9,45000
2024-09-16,녹차라떼,라떼/기타,8,44000
2024-09-16,초코라떼,라떼/기타,8,44000
2024-09-16,에스프레소,커피,9,31500
2024-09-16,디카페인 아메리카노,커피,6,30000
2024-09-17,아메리카노,커피,61,274500
2024-09-17,카페라떼,라떼/기타,43,215000
2024-09-17,바닐라라떼,라떼/기타,27,148500
2024-09-17,콜드브루,커피,17,93500
2024-09-17,카푸치노,라떼/기타,14,70000
2024-09-17,녹차라떼,라떼/기타,11,60500
2024-09-17,초코라떼,라떼/기타,13,71500
2024-09-17,에스프레소,커피,6,21000
2024-09-17,디카페인 아메리카노,커피,6,30000
2024-09-18,아메리카노,커피,40,180000
2024-09-18,카페라떼,라떼/기타,52,260000
2024-09-18,바닐라라떼,라떼/기타,17,93500
2024-09-18,콜드브루,커피,13,71500
2024-09-18,카푸치노,라떼/기타,16,80000
2024-09-18,녹차라떼,라떼/기타,9,49500
2024-09-18,초코라떼,라떼/기타,6,33000
2024-09-18,에스프레소,커피,3,10500
2024-09-18,디카페인 아메리카노,커피,6,30000
2024-09-19,아메리카노,커피,64,288000
2024-09-19,카페라떼,라떼/기타,37,185000
2024-09-19,바닐라라떼,라떼/기타,11,60500
2024-09-19,콜드브루,커피,15,82500
2024-09-19,카푸치노,라떼/기타,14,70000
2024-09-19,녹차라떼,라떼/기타,9,49500
2024-09-19,초코라떼,라떼/기타,9,49500
2024-09-19,에스프레소,커피,7,24500
2024-09-19,디카페인 아메리카노,커피,6,30000
2024-09-20,아메리카노,커피,47,211500
2024-09-20,카페라떼,라떼/기타,33,165000
2024-09-20,바닐라라떼,라떼/기타,16,88000
2024-09-20,콜드브루,커피,21,115500
2024-09-20,카푸치노,라떼/기타,18,90000
2024-09-20,녹차라떼,라떼/기타,9,49500
2024-09-20,초코라떼,라떼/기타,9,49500
2024-09-20,에스프레소,커피,4,14000
2024-09-20,디카페인 아메리카노,커피,3,15000
2024-09-21,아메리카노,커피,38,171000
2024-09-21,카페라떼,라떼/기타,32,160000
2024-09-21,바닐라라떼,라떼/기타,23,126500
2024-09-21,콜드브루,커피,26,143000
2024-09-21,카푸치노,라떼/기타,15,75000
2024-09-21,녹차라떼,라떼/기타,11,60500
2024-09-21,초코라떼,라떼/기타,9,49500
2024-09-21,에스프레소,커피,9,31500
2024-09-21,디카페인 아메리카노,커피,7,35000
2024-09-22,아메리카노,커피,68,306000
2024-09-22,카페라떼,라떼/기타,31,155000
2024-09-22,바닐라라떼,라떼/기타,17,93500
2024-09-22,콜드브루,커피,17,93500
2024-09-22,카푸치노,라떼/기타,14,70000
2024-09-22,녹차라떼,라떼/기타,10,55000
2024-09-22,초코라떼,라떼/기타,6,33000
2024-09-22,에스프레소,커피,5,17500
2024-09-22,디카페인 아메리카노,커피,5,25000
2024-09-23,아메리카노,커피,62,279000
2024-09-23,카페라떼,라떼/기타,42,210000
2024-09-23,바닐라라떼,라떼/기타,18,99000
2024-09-23,콜드브루,커피,19,104500
2024-09-23,카푸치노,라떼/기타,9,45000
2024-09-23,녹차라떼,라떼/기타,10,55000
2024-09-23,초코라떼,라떼/기타,9,49500
2024-09-23,에스프레소,커피,8,28000
2024-09-23,디카페인 아메리카노,커피,5,25000
2024-09-24,아메리카노,커피,58,261000
2024-09-24,카페라떼,라떼/기타,26,130000
2024-09-24,바닐라라떼,라떼/기타,19,104500
2024-09-24,콜드브루,커피,18,99000
2024-09-24,카푸치노,라떼/기타,12,60000
2024-09-24,녹차라떼,라떼/기타,6,33000
2024-09-24,초코라떼,라떼/기타,7,38500
2024-09-24,에스프레소,커피,7,24500
2024-09-24,디카페인 아메리카노,커피,4,20000
2024-09-25,아메리카노,커피,55,247500
2024-09-25,카페라떼,라떼/기타,32,160000
2024-09-25,바닐라라떼,라떼/기타,19,104500
2024-09-25,콜드브루,커피,14,77000
2024-09-25,카푸치노,라떼/기타,7,35000
2024-09-25,녹차라떼,라떼/기타,12,66000
2024-09-25,초코라떼,라떼/기타,8,44000
2024-09-25,에스프레소,커피,4,14000
2024-09-25,디카페인 아메리카노,커피,3,15000
2024-09-26,아메리카노,커피,77,346500
2024-09-26,카페라떼,라떼/기타,35,175000
2024-09-26,바닐라라떼,라떼/기타,19,104500
2024-09-26,콜드브루,커피,20,110000
2024-09-26,카푸치노,라떼/기타,13,65000
2024-09-26,녹차라떼,라떼/기타,11,60500
2024-09-26,초코라떼,라떼/기타,11,60500
2024-09-26,에스프레소,커피,7,24500
2024-09-26,디카페인 아메리카노,커피,4,20000
2024-09-27,아메리카노,커피,64,288000
2024-09-27,카페라떼,라떼/기타,37,185000
2024-09-27,바닐라라떼,라떼/기타,17,93500
2024-09-27,콜드브루,커피,15,82500
2024-09-27,카푸치노,라떼/기타,13,65000
2024-09-27,녹차라떼,라떼/기타,10,55000
2024-09-27,초코라떼,라떼/기타,10,55000
2024-09-27,에스프레소,커피,7,24500
2024-09-27,디카페인 아메리카노,커피,4,20000
2024-09-28,아메리카노,커피,55,247500
2024-09-28,카페라떼,라떼/기타,40,200000
2024-09-28,바닐라라떼,라떼/기타,14,77000
2024-09-28,콜드브루,커피,22,121000
2024-09-28,카푸치노,라떼/기타,21,105000
2024-09-28,녹차라떼,라떼/기타,16,88000
2024-09-28,초코라떼,라떼/기타,15,82500
2024-09-28,에스프레소,커피,9,31500
2024-09-28,디카페인 아메리카노,커피,7,35000
2024-09-29,아메리카노,커피,58,261000
2024-09-29,카페라떼,라떼/기타,39,195000
2024-09-29,바닐라라떼,라떼/기타,23,126500
2024-09-29,콜드브루,커피,12,66000
2024-09-29,카푸치노,라떼/기타,10,50000
2024-09-29,녹차라떼,라떼/기타,11,60500
2024-09-29,초코라떼,라떼/기타,10,55000
2024-09-29,에스프레소,커피,6,21000
2024-09-29,디카페인 아메리카노,커피,5,25000
2024-09-30,아메리카노,커피,65,292500
2024-09-30,카페라떼,라떼/기타,16,80000
2024-09-30,바닐라라떼,라떼/기타,19,104500
2024-09-30,콜드브루,커피,20,110000
2024-09-30,카푸치노,라떼/기타,8,40000
2024-09-30,녹차라떼,라떼/기타,11,60500
2024-09-30,초코라떼,라떼/기타,6,33000
2024-09-30,에스프레소,커피,7,24500
2024-09-30,디카페인 아메리카노,커피,3,15000
2024-10-01,아메리카노,커피,51,229500
2024-10-01,카페라떼,라떼/기타,30,150000
2024-10-01,바닐라라떼,라떼/기타,25,137500
2024-10-01,콜드브루,커피,15,82500
2024-10-01,카푸치노,라떼/기타,15,75000
2024-10-01,녹차라떼,라떼/기타,9,49500
2024-10-01,초코라떼,라떼/기타,7,38500
2024-10-01,에스프레소,커피,7,24500
2024-10-01,디카페인 아메리카노,커피,5,25000
2024-10-02,아메리카노,커피,44,198000
2024-10-02,카페라떼,라떼/기타,27,135000
2024-10-02,바닐라라떼,라떼/기타,14,77000
2024-10-02,콜드브루,커피,13,71500
2024-10-02,카푸치노,라떼/기타,13,65000
2024-10-02,녹차라떼,라떼/기타,8,44000
2024-10-02,초코라떼,라떼/기타,6,33000
2024-10-02,에스프레소,커피,6,21000
2024-10-02,디카페인 아메리카노,커피,4,20000
2024-10-03,아메리카노,커피,41,184500
2024-10-03,카페라떼,라떼/기타,36,180000
2024-10-03,바닐라라떼,라떼/기타,19,104500
2024-10-03,콜드브루,커피,17,93500
2024-10-03,카푸치노,라떼/기타,14,70000
2024-10-03,녹차라떼,라떼/기타,9,49500
2024-10-03,초코라떼,라떼/기타,12,66000
2024-10-03,에스프레소,커피,7,24500
2024-10-03,디카페인 아메리카노,커피,5,25000
2024-10-04,아메리카노,커피,108,486000
2024-10-04,카페라떼,라떼/기타,54,270000
2024-10-04,바닐라라떼,라떼/기타,27,148500
2024-10-04,콜드브루,커피,10,55000
2024-10-04,카푸치노,라떼/기타,13,65000
2024-10-04,녹차라떼,라떼/기타,10,55000
2024-10-04,초코라떼,라떼/기타,12,66000
2024-10-04,에스프레소,커피,11,38500
2024-10-04,디카페인 아메리카노,커피,5,25000
2024-10-05,아메리카노,커피,60,270000
2024-10-05,카페라떼,라떼/기타,32,160000
2024-10-05,바닐라라떼,라떼/기타,18,99000
2024-10-05,콜드브루,커피,18,99000
2024-10-05,카푸치노,라떼/기타,13,65000
2024-10-05,녹차라떼,라떼/기타,6,33000
2024-10-05,초코라떼,라떼/기타,6,33000
2024-10-05,에스프레소,커피,6,21000
2024-10-05,디카페인 아메리카노,커피,4,20000
2024-10-06,아메리카노,커피,85,382500
2024-10-06,카페라떼,라떼/기타,48,240000
2024-10-06,바닐라라떼,라떼/기타,25,137500
2024-10-06,콜드브루,커피,23,126500
2024-10-06,카푸치노,라떼/기타,18,90000
2024-10-06,녹차라떼,라떼/기타,12,66000
2024-10-06,초코라떼,라떼/기타,9,49500
2024-10-06,에스프레소,커피,5,17500
2024-10-06,디카페인 아메리카노,커피,4,20000
2024-10-07,아메리카노,커피,45,202500
2024-10-07,카페라떼,라떼/기타,20,100000
2024-10-07,바닐라라떼,라떼/기타,14,77000
2024-10-07,콜드브루,커피,11,60500
2024-10-07,카푸치노,라떼/기타,9,45000
2024-10-07,녹차라떼,라떼/기타,5,27500
2024-10-07,초코라떼,라떼/기타,4,22000
2024-10-07,에스프레소,커피,5,17500
2024-10-07,디카페인 아메리카노,커피,3,15000
2024-10-08,아메리카노,커피,44,198000
2024-10-08,카페라떼,라떼/기타,28,140000
2024-10-08,바닐라라떼,라떼/기타,18,99000
2024-10-08,콜드브루,커피,16,88000
2024-10-08,카푸치노,라떼/기타,12,60000
2024-10-08,녹차라떼,라떼/기타,11,60500
2024-10-08,초코라떼,라떼/기타,7,38500
2024-10-08,에스프레소,커피,6,21000
2024-10-08,디카페인 아메리카노,커피,5,25000
2024-10-09,아메리카노,커피,52,234000
2024-10-09,카페라떼,라떼/기타,47,235000
2024-10-09,바닐라라떼,라떼/기타,20,110000
2024-10-09,콜드브루,커피,24,132000
2024-10-09,카푸치노,라떼/기타,12,60000
2024-10-09,녹차라떼,라떼/기타,7,38500
2024-10-09,초코라떼,라떼/기타,10,55000
2024-10-09,에스프레소,커피,7,24500
2024-10-09,디카페인 아메리카노,커피,5,25000
2024-10-10,아메리카노,커피,51,229500
2024-10-10,카페라떼,라떼/기타,34,170000
2024-10-10,바닐라라떼,라떼/기타,23,126500
2024-10-10,콜드브루,커피,18,99000
2024-10-10,카푸치노,라떼/기타,10,50000
2024-10-10,녹차라떼,라떼/기타,8,44000
2024-10-10,초코라떼,라떼/기타,8,44000
2024-10-10,에스프레소,커피,5,17500
2024-10-10,디카페인 아메리카노,커피,6,30000
2024-10-11,아메리카노,커피,72,324000
2024-10-11,카페라떼,라떼/기타,43,215000
2024-10-11,바닐라라떼,라떼/기타,21,115500
2024-10-11,콜드브루,커피,19,104500
2024-10-11,카푸치노,라떼/기타,14,70000
2024-10-11,녹차라떼,라떼/기타,13,71500
2024-10-11,초코라떼,라떼/기타,11,60500
2024-10-11,에스프레소,커피,7,24500
2024-10-11,디카페인 아메리카노,커피,5,25000
2024-10-12,아메리카노,커피,107,481500
2024-10-12,카페라떼,라떼/기타,36,180000
2024-10-12,바닐라라떼,라떼/기타,28,154000
2024-10-12,콜드브루,커피,23,126500
2024-10-12,카푸치노,라떼/기타,26,130000
2024-10-12,녹차라떼,라떼/기타,12,66000
2024-10-12,초코라떼,라떼/기타,17,93500
2024-10-12,에스프레소,커피,11,38500
2024-10-12,디카페인 아메리카노,커피,8,40000
2024-10-13,아메리카노,커피,46,207000
2024-10-13,카페라떼,라떼/기타,31,155000
2024-10-13,바닐라라떼,라떼/기타,17,93500
2024-10-13,콜드브루,커피,13,71500
2024-10-13,카푸치노,라떼/기타,7,35000
2024-10-13,녹차라떼,라떼/기타,8,44000
2024-10-13,초코라떼,라떼/기타,9,49500
2024-10-13,에스프레소,커피,3,10500
2024-10-13,디카페인 아메리카노,커피,4,20000
2024-10-14,아메리카노,커피,28,126000
2024-10-14,카페라떼,라떼/기타,33,165000
2024-10-14,바닐라라떼,라떼/기타,14,77000
2024-10-14,콜드브루,커피,8,44000
2024-10-14,카푸치노,라떼/기타,8,40000
2024-10-14,녹차라떼,라떼/기타,8,44000
2024-10-14,초코라떼,라떼/기타,6,33000
2024-10-14,에스프레소,커피,5,17500
2024-10-14,디카페인 아메리카노,커피,3,15000
2024-10-15,아메리카노,커피,64,288000
2024-10-15,카페라떼,라떼/기타,33,165000
2024-10-15,바닐라라떼,라떼/기타,19,104500
2024-10-15,콜드브루,커피,13,71500
2024-10-15,카푸치노,라떼/기타,8,40000
2024-10-15,녹차라떼,라떼/기타,5,27500
2024-10-15,초코라떼,라떼/기타,4,22000
2024-10-15,에스프레소,커피,5,17500
2024-10-15,디카페인 아메리카노,커피,2,10000
2024-10-16,아메리카노,커피,57,256500
2024-10-16,카페라떼,라떼/기타,27,135000
2024-10-16,바닐라라떼,라떼/기타,22,121000
2024-10-16,콜드브루,커피,15,82500
2024-10-16,카푸치노,라떼/기타,13,65000
2024-10-16,녹차라떼,라떼/기타,11,60500
2024-10-16,초코라떼,라떼/기타,8,44000
2024-10-16,에스프레소,커피,6,21000
2024-10-16,디카페인 아메리카노,커피,4,20000
2024-10-17,아메리카노,커피,42,189000
2024-10-17,카페라떼,라떼/기타,23,115000
2024-10-17,바닐라라떼,라떼/기타,9,49500
2024-10-17,콜드브루,커피,13,71500
2024-10-17,카푸치노,라떼/기타,9,45000
2024-10-17,녹차라떼,라떼/기타,6,33000
2024-10-17,초코라떼,라떼/기타,4,22000
2024-10-17,에스프레소,커피,4,14000
2024-10-17,디카페인 아메리카노,커피,3,15000
2024-10-18,아메리카노,커피,55,247500
2024-10-18,카페라떼,라떼/기타,41,205000
2024-10-18,바닐라라떼,라떼/기타,17,93500
2024-10-18,콜드브루,커피,22,121000
2024-10-18,카푸치노,라떼/기타,13,65000
2024-10-18,녹차라떼,라떼/기타,10,55000
2024-10-18,초코라떼,라떼/기타,7,38500
2024-10-18,에스프레소,커피,6,21000
2024-10-18,디카페인 아메리카노,커피,7,35000
2024-10-19,아메리카노,커피,47,211500
2024-10-19,카페라떼,라떼/기타,36,180000
2024-10-19,바닐라라떼,라떼/기타,24,132000
2024-10-19,콜드브루,커피,22,121000
2024-10-19,카푸치노,라떼/기타,16,80000
2024-10-19,녹차라떼,라떼/기타,12,66000
2024-10-19,초코라떼,라떼/기타,10,55000
2024-10-19,에스프레소,커피,4,14000
2024-10-19,디카페인 아메리카노,커피,7,35000
2024-10-20,아메리카노,커피,67,301500
2024-10-20,카페라떼,라떼/기타,28,140000
2024-10-20,바닐라라떼,라떼/기타,17,93500
2024-10-20,콜드브루,커피,21,115500
2024-10-20,카푸치노,라떼/기타,13,65000
2024-10-20,녹차라떼,라떼/기타,11,60500
2024-10-20,초코라떼,라떼/기타,7,38500
2024-10-20,에스프레소,커피,6,21000
2024-10-20,디카페인 아메리카노,커피,5,25000
2024-10-21,아메리카노,커피,36,162000
2024-10-21,카페라떼,라떼/기타,26,130000
2024-10-21,바닐라라떼,라떼/기타,13,71500
2024-10-21,콜드브루,커피,12,66000
2024-10-21,카푸치노,라떼/기타,9,45000
2024-10-21,녹차라떼,라떼/기타,5,27500
2024-10-21,초코라떼,라떼/기타,6,33000
2024-10-21,에스프레소,커피,6,21000
2024-10-21,디카페인 아메리카노,커피,3,15000
2024-10-22,아메리카노,커피,65,292500
2024-10-22,카페라떼,라떼/기타,22,110000
2024-10-22,바닐라라떼,라떼/기타,16,88000
2024-10-22,콜드브루,커피,15,82500
2024-10-22,카푸치노,라떼/기타,12,60000
2024-10-22,녹차라떼,라떼/기타,11,60500
2024-10-22,초코라떼,라떼/기타,8,44000
2024-10-22,에스프레소,커피,4,14000
2024-10-22,디카페인 아메리카노,커피,4,20000
2024-10-23,아메리카노,커피,46,207000
2024-10-23,카페라떼,라떼/기타,25,125000
2024-10-23,바닐라라떼,라떼/기타,20,110000
2024-10-23,콜드브루,커피,12,66000
2024-10-23,카푸치노,라떼/기타,9,45000
2024-10-23,녹차라떼,라떼/기타,6,33000
2024-10-23,초코라떼,라떼/기타,7,38500
2024-10-23,에스프레소,커피,5,17500
2024-10-23,디카페인 아메리카노,커피,5,25000
2024-10-24,아메리카노,커피,49,220500
2024-10-24,카페라떼,라떼/기타,45,225000
2024-10-24,바닐라라떼,라떼/기타,13,71500
2024-10-24,콜드브루,커피,20,110000
2024-10-24,카푸치노,라떼/기타,5,25000
2024-10-24,녹차라떼,라떼/기타,10,55000
2024-10-24,초코라떼,라떼/기타,11,60500
2024-10-24,에스프레소,커피,5,17500
2024-10-24,디카페인 아메리카노,커피,5,25000
2024-10-25,아메리카노,커피,79,355500
2024-10-25,카페라떼,라떼/기타,38,190000
2024-10-25,바닐라라떼,라떼/기타,27,148500
2024-10-25,콜드브루,커피,15,82500
2024-10-25,카푸치노,라떼/기타,9,45000
2024-10-25,녹차라떼,라떼/기타,12,66000
2024-10-25,초코라떼,라떼/기타,10,55000
2024-10-25,에스프레소,커피,8,28000
2024-10-25,디카페인 아메리카노,커피,7,35000
2024-10-26,아메리카노,커피,53,238500
2024-10-26,카페라떼,라떼/기타,34,170000
2024-10-26,바닐라라떼,라떼/기타,22,121000
2024-10-26,콜드브루,커피,20,110000
2024-10-26,카푸치노,라떼/기타,16,80000
2024-10-26,녹차라떼,라떼/기타,17,93500
2024-10-26,초코라떼,라떼/기타,14,77000
2024-10-26,에스프레소,커피,8,28000
2024-10-26,디카페인 아메리카노,커피,6,30000
2024-10-27,아메리카노,커피,77,346500
2024-10-27,카페라떼,라떼/기타,22,110000
2024-10-27,바닐라라떼,라떼/기타,19,104500
2024-10-27,콜드브루,커피,19,104500
2024-10-27,카푸치노,라떼/기타,6,30000
2024-10-27,녹차라떼,라떼/기타,10,55000
2024-10-27,초코라떼,라떼/기타,11,60500
2024-10-27,에스프레소,커피,7,24500
2024-10-27,디카페인 아메리카노,커피,4,20000
2024-10-28,아메리카노,커피,69,310500
2024-10-28,카페라떼,라떼/기타,26,130000
2024-10-28,바닐라라떼,라떼/기타,16,88000
2024-10-28,콜드브루,커피,10,55000
2024-10-28,카푸치노,라떼/기타,6,30000
2024-10-28,녹차라떼,라떼/기타,8,44000
2024-10-28,초코라떼,라떼/기타,8,44000
2024-10-28,에스프레소,커피,6,21000
2024-10-28,디카페인 아메리카노,커피,3,15000
2024-10-29,아메리카노,커피,55,247500
2024-10-29,카페라떼,라떼/기타,32,160000
2024-10-29,바닐라라떼,라떼/기타,16,88000
2024-10-29,콜드브루,커피,15,82500
2024-10-29,카푸치노,라떼/기타,6,30000
2024-10-29,녹차라떼,라떼/기타,8,44000
2024-10-29,초코라떼,라떼/기타,7,38500
2024-10-29,에스프레소,커피,5,17500
2024-10-29,디카페인 아메리카노,커피,3,15000
2024-10-30,아메리카노,커피,54,243000
2024-10-30,카페라떼,라떼/기타,30,150000
2024-10-30,바닐라라떼,라떼/기타,12,66000
2024-10-30,콜드브루,커피,18,99000
2024-10-30,카푸치노,라떼/기타,14,70000
2024-10-30,녹차라떼,라떼/기타,7,38500
2024-10-30,초코라떼,라떼/기타,9,49500
2024-10-30,에스프레소,커피,2,7000
2024-10-30,디카페인 아메리카노,커피,5,25000
2024-10-31,아메리카노,커피,47,211500
2024-10-31,카페라떼,라떼/기타,30,150000
2024-10-31,바닐라라떼,라떼/기타,15,82500
2024-10-31,콜드브루,커피,14,77000
2024-10-31,카푸치노,라떼/기타,10,50000
2024-10-31,녹차라떼,라떼/기타,10,55000
2024-10-31,초코라떼,라떼/기타,3,16500
2024-10-31,에스프레소,커피,5,17500
2024-10-31,디카페인 아메리카노,커피,5,25000
2024-11-01,아메리카노,커피,74,333000
2024-11-01,카페라떼,라떼/기타,52,260000
2024-11-01,바닐라라떼,라떼/기타,17,93500
2024-11-01,콜드브루,커피,17,93500
2024-11-01,카푸치노,라떼/기타,17,85000
2024-11-01,녹차라떼,라떼/기타,14,77000
2024-11-01,초코라떼,라떼/기타,11,60500
2024-11-01,에스프레소,커피,7,24500
2024-11-01,디카페인 아메리카노,커피,6,30000
2024-11-02,아메리카노,커피,83,373500
2024-11-02,카페라떼,라떼/기타,50,250000
2024-11-02,바닐라라떼,라떼/기타,21,115500
2024-11-02,콜드브루,커피,20,110000
2024-11-02,카푸치노,라떼/기타,12,60000
2024-11-02,녹차라떼,라떼/기타,15,82500
2024-11-02,초코라떼,라떼/기타,9,49500
2024-11-02,에스프레소,커피,8,28000
2024-11-02,디카페인 아메리카노,커피,6,30000
2024-11-03,아메리카노,커피,64,288000
2024-11-03,카페라떼,라떼/기타,36,180000
2024-11-03,바닐라라떼,라떼/기타,9,49500
2024-11-03,콜드브루,커피,20,110000
2024-11-03,카푸치노,라떼/기타,11,55000
2024-11-03,녹차라떼,라떼/기타,13,71500
2024-11-03,초코라떼,라떼/기타,8,44000
2024-11-03,에스프레소,커피,6,21000
2024-11-03,디카페인 아메리카노,커피,3,15000
2024-11-04,아메리카노,커피,49,220500
2024-11-04,카페라떼,라떼/기타,31,155000
2024-11-04,바닐라라떼,라떼/기타,19,104500
2024-11-04,콜드브루,커피,15,82500
2024-11-04,카푸치노,라떼/기타,13,65000
2024-11-04,녹차라떼,라떼/기타,8,44000
2024-11-04,초코라떼,라떼/기타,8,44000
2024-11-04,에스프레소,커피,9,31500
2024-11-04,디카페인 아메리카노,커피,4,20000
2024-11-05,아메리카노,커피,45,202500
2024-11-05,카페라떼,라떼/기타,32,160000
2024-11-05,바닐라라떼,라떼/기타,13,71500
2024-11-05,콜드브루,커피,15,82500
2024-11-05,카푸치노,라떼/기타,10,50000
2024-11-05,녹차라떼,라떼/기타,11,60500
2024-11-05,초코라떼,라떼/기타,7,38500
2024-11-05,에스프레소,커피,7,24500
2024-11-05,디카페인 아메리카노,커피,4,20000
2024-11-06,아메리카노,커피,38,171000
2024-11-06,카페라떼,라떼/기타,25,125000
2024-11-06,바닐라라떼,라떼/기타,7,38500
2024-11-06,콜드브루,커피,23,126500
2024-11-06,카푸치노,라떼/기타,15,75000
2024-11-06,녹차라떼,라떼/기타,7,38500
2024-11-06,초코라떼,라떼/기타,6,33000
2024-11-06,에스프레소,커피,6,21000
2024-11-06,디카페인 아메리카노,커피,5,25000
2024-11-07,아메리카노,커피,28,126000
2024-11-07,카페라떼,라떼/기타,14,70000
2024-11-07,바닐라라떼,라떼/기타,8,44000
2024-11-07,콜드브루,커피,10,55000
2024-11-07,카푸치노,라떼/기타,6,30000
2024-11-07,녹차라떼,라떼/기타,6,33000
2024-11-07,초코라떼,라떼/기타,4,22000
2024-11-07,에스프레소,커피,4,14000
2024-11-07,디카페인 아메리카노,커피,2,10000
2024-11-08,아메리카노,커피,83,373500
2024-11-08,카페라떼,라떼/기타,34,170000
2024-11-08,바닐라라떼,라떼/기타,24,132000
2024-11-08,콜드브루,커피,22,121000
2024-11-08,카푸치노,라떼/기타,12,60000
2024-11-08,녹차라떼,라떼/기타,12,66000
2024-11-08,초코라떼,라떼/기타,10,55000
2024-11-08,에스프레소,커피,8,28000
2024-11-08,디카페인 아메리카노,커피,6,30000
2024-11-09,아메리카노,커피,59,265500
2024-11-09,카페라떼,라떼/기타,45,225000
2024-11-09,바닐라라떼,라떼/기타,23,126500
2024-11-09,콜드브루,커피,26,143000
2024-11-09,카푸치노,라떼/기타,13,65000
2024-11-09,녹차라떼,라떼/기타,12,66000
2024-11-09,초코라떼,라떼/기타,11,60500
2024-11-09,에스프레소,커피,12,42000
2024-11-09,디카페인 아메리카노,커피,7,35000
2024-11-10,아메리카노,커피,50,225000
2024-11-10,카페라떼,라떼/기타,32,160000
2024-11-10,바닐라라떼,라떼/기타,21,115500
2024-11-10,콜드브루,커피,18,99000
2024-11-10,카푸치노,라떼/기타,12,60000
2024-11-10,녹차라떼,라떼/기타,7,38500
2024-11-10,초코라떼,라떼/기타,9,49500
2024-11-10,에스프레소,커피,5,17500
2024-11-10,디카페인 아메리카노,커피,2,10000
2024-11-11,아메리카노,커피,37,166500
2024-11-11,카페라떼,라떼/기타,20,100000
2024-11-11,바닐라라떼,라떼/기타,14,77000
2024-11-11,콜드브루,커피,13,71500
2024-11-11,카푸치노,라떼/기타,10,50000
2024-11-11,녹차라떼,라떼/기타,6,33000
2024-11-11,초코라떼,라떼/기타,6,33000
2024-11-11,에스프레소,커피,3,10500
2024-11-11,디카페인 아메리카노,커피,4,20000
2024-11-12,아메리카노,커피,63,283500
2024-11-12,카페라떼,라떼/기타,22,110000
2024-11-12,바닐라라떼,라떼/기타,16,88000
2024-11-12,콜드브루,커피,14,77000
2024-11-12,카푸치노,라떼/기타,7,35000
2024-11-12,녹차라떼,라떼/기타,5,27500
2024-11-12,초코라떼,라떼/기타,8,44000
2024-11-12,에스프레소,커피,6,21000
2024-11-12,디카페인 아메리카노,커피,3,15000
2024-11-13,아메리카노,커피,38,171000
2024-11-13,카페라떼,라떼/기타,25,125000
2024-11-13,바닐라라떼,라떼/기타,17,93500
2024-11-13,콜드브루,커피,13,71500
2024-11-13,카푸치노,라떼/기타,8,40000
2024-11-13,녹차라떼,라떼/기타,8,44000
2024-11-13,초코라떼,라떼/기타,4,22000
2024-11-13,에스프레소,커피,3,10500
2024-11-13,디카페인 아메리카노,커피,4,20000
2024-11-14,아메리카노,커피,47,211500
2024-11-14,카페라떼,라떼/기타,26,130000
2024-11-14,바닐라라떼,라떼/기타,17,93500
2024-11-14,콜드브루,커피,12,66000
2024-11-14,카푸치노,라떼/기타,9,45000
2024-11-14,녹차라떼,라떼/기타,7,38500
2024-11-14,초코라떼,라떼/기타,9,49500
2024-11-14,에스프레소,커피,6,21000
2024-11-14,디카페인 아메리카노,커피,4,20000
2024-11-15,아메리카노,커피,36,162000
2024-11-15,카페라떼,라떼/기타,35,175000
2024-11-15,바닐라라떼,라떼/기타,15,82500
2024-11-15,콜드브루,커피,10,55000
2024-11-15,카푸치노,라떼/기타,9,45000
2024-11-15,녹차라떼,라떼/기타,9,49500
2024-11-15,초코라떼,라떼/기타,9,49500
2024-11-15,에스프레소,커피,5,17500
2024-11-15,디카페인 아메리카노,커피,5,25000
2024-11-16,아메리카노,커피,60,270000
2024-11-16,카페라떼,라떼/기타,29,145000
2024-11-16,바닐라라떼,라떼/기타,19,104500
2024-11-16,콜드브루,커피,19,104500
2024-11-16,카푸치노,라떼/기타,8,40000
2024-11-16,녹차라떼,라떼/기타,14,77000
2024-11-16,초코라떼,라떼/기타,11,60500
2024-11-16,에스프레소,커피,11,38500
2024-11-16,디카페인 아메리카노,커피,4,20000
2024-11-17,아메리카노,커피,67,301500
2024-11-17,카페라떼,라떼/기타,30,150000
2024-11-17,바닐라라떼,라떼/기타,21,115500
2024-11-17,콜드브루,커피,18,99000
2024-11-17,카푸치노,라떼/기타,12,60000
2024-11-17,녹차라떼,라떼/기타,8,44000
2024-11-17,초코라떼,라떼/기타,7,38500
2024-11-17,에스프레소,커피,9,31500
2024-11-17,디카페인 아메리카노,커피,6,30000
2024-11-18,아메리카노,커피,64,288000
2024-11-18,카페라떼,라떼/기타,26,130000
2024-11-18,바닐라라떼,라떼/기타,15,82500
2024-11-18,콜드브루,커피,14,77000
2024-11-18,카푸치노,라떼/기타,12,60000
2024-11-18,녹차라떼,라떼/기타,9,49500
2024-11-18,초코라떼,라떼/기타,8,44000
2024-11-18,에스프레소,커피,5,17500
2024-11-18,디카페인 아메리카노,커피,4,20000
2024-11-19,아메리카노,커피,30,135000
2024-11-19,카페라떼,라떼/기타,22,110000
2024-11-19,바닐라라떼,라떼/기타,14,77000
2024-11-19,콜드브루,커피,6,33000
2024-11-19,카푸치노,라떼/기타,9,45000
2024-11-19,녹차라떼,라떼/기타,5,27500
2024-11-19,초코라떼,라떼/기타,3,16500
2024-11-19,에스프레소,커피,4,14000
2024-11-19,디카페인 아메리카노,커피,3,15000
2024-11-20,아메리카노,커피,42,189000
2024-11-20,카페라떼,라떼/기타,22,110000
2024-11-20,바닐라라떼,라떼/기타,9,49500
2024-11-20,콜드브루,커피,13,71500
2024-11-20,카푸치노,라떼/기타,9,45000
2024-11-20,녹차라떼,라떼/기타,6,33000
2024-11-20,초코라떼,라떼/기타,4,22000
2024-11-20,에스프레소,커피,3,10500
2024-11-20,디카페인 아메리카노,커피,3,15000
2024-11-21,아메리카노,커피,53,238500
2024-11-21,카페라떼,라떼/기타,33,165000
2024-11-21,바닐라라떼,라떼/기타,14,77000
2024-11-21,콜드브루,커피,19,104500
2024-11-21,카푸치노,라떼/기타,14,70000
2024-11-21,녹차라떼,라떼/기타,9,49500
2024-11-21,초코라떼,라떼/기타,7,38500
2024-11-21,에스프레소,커피,6,21000
2024-11-21,디카페인 아메리카노,커피,5,25000
2024-11-22,아메리카노,커피,50,225000
2024-11-22,카페라떼,라떼/기타,39,195000
2024-11-22,바닐라라떼,라떼/기타,21,115500
2024-11-22,콜드브루,커피,22,121000
2024-11-22,카푸치노,라떼/기타,11,55000
2024-11-22,녹차라떼,라떼/기타,11,60500
2024-11-22,초코라떼,라떼/기타,9,49500
2024-11-22,에스프레소,커피,8,28000
2024-11-22,디카페인 아메리카노,커피,4,20000
2024-11-23,아메리카노,커피,62,279000
2024-11-23,카페라떼,라떼/기타,32,160000
2024-11-23,바닐라라떼,라떼/기타,21,115500
2024-11-23,콜드브루,커피,30,165000
2024-11-23,카푸치노,라떼/기타,10,50000
2024-11-23,녹차라떼,라떼/기타,13,71500
2024-11-23,초코라떼,라떼/기타,9,49500
2024-11-23,에스프레소,커피,9,31500
2024-11-23,디카페인 아메리카노,커피,6,30000
2024-11-24,아메리카노,커피,43,193500
2024-11-24,카페라떼,라떼/기타,22,110000
2024-11-24,바닐라라떼,라떼/기타,13,71500
2024-11-24,콜드브루,커피,7,38500
2024-11-24,카푸치노,라떼/기타,10,50000
2024-11-24,녹차라떼,라떼/기타,9,49500
2024-11-24,초코라떼,라떼/기타,8,44000
2024-11-24,에스프레소,커피,2,7000
2024-11-24,디카페인 아메리카노,커피,3,15000
2024-11-25,아메리카노,커피,40,180000
2024-11-25,카페라떼,라떼/기타,17,85000
2024-11-25,바닐라라떼,라떼/기타,11,60500
2024-11-25,콜드브루,커피,8,44000
2024-11-25,카푸치노,라떼/기타,8,40000
2024-11-25,녹차라떼,라떼/기타,7,38500
2024-11-25,초코라떼,라떼/기타,4,22000
2024-11-25,에스프레소,커피,3,10500
2024-11-25,디카페인 아메리카노,커피,1,5000
2024-11-26,아메리카노,커피,36,162000
2024-11-26,카페라떼,라떼/기타,28,140000
2024-11-26,바닐라라떼,라떼/기타,13,71500
2024-11-26,콜드브루,커피,9,49500
2024-11-26,카푸치노,라떼/기타,7,35000
2024-11-26,녹차라떼,라떼/기타,4,22000
2024-11-26,초코라떼,라떼/기타,4,22000
2024-11-26,에스프레소,커피,3,10500
2024-11-26,디카페인 아메리카노,커피,2,10000
2024-11-27,아메리카노,커피,63,283500
2024-11-27,카페라떼,라떼/기타,33,165000
2024-11-27,바닐라라떼,라떼/기타,15,82500
2024-11-27,콜드브루,커피,18,99000
2024-11-27,카푸치노,라떼/기타,15,75000
2024-11-27,녹차라떼,라떼/기타,11,60500
2024-11-27,초코라떼,라떼/기타,7,38500
2024-11-27,에스프레소,커피,2,7000
2024-11-27,디카페인 아메리카노,커피,5,25000
2024-11-28,아메리카노,커피,39,175500
2024-11-28,카페라떼,라떼/기타,29,145000
2024-11-28,바닐라라떼,라떼/기타,12,66000
2024-11-28,콜드브루,커피,15,82500
2024-11-28,카푸치노,라떼/기타,8,40000
2024-11-28,녹차라떼,라떼/기타,7,38500
2024-11-28,초코라떼,라떼/기타,7,38500
2024-11-28,에스프레소,커피,6,21000
2024-11-28,디카페인 아메리카노,커피,4,20000
2024-11-29,아메리카노,커피,42,189000
2024-11-29,카페라떼,라떼/기타,41,205000
2024-11-29,바닐라라떼,라떼/기타,13,71500
2024-11-29,콜드브루,커피,18,99000
2024-11-29,카푸치노,라떼/기타,13,65000
2024-11-29,녹차라떼,라떼/기타,11,60500
2024-11-29,초코라떼,라떼/기타,7,38500
2024-11-29,에스프레소,커피,3,10500
2024-11-29,디카페인 아메리카노,커피,4,20000
2024-11-30,아메리카노,커피,70,315000
2024-11-30,카페라떼,라떼/기타,31,155000
2024-11-30,바닐라라떼,라떼/기타,33,181500
2024-11-30,콜드브루,커피,18,99000
2024-11-30,카푸치노,라떼/기타,11,55000
2024-11-30,녹차라떼,라떼/기타,12,66000
2024-11-30,초코라떼,라떼/기타,10,55000
2024-11-30,에스프레소,커피,6,21000
2024-11-30,디카페인 아메리카노,커피,4,20000
2024-12-01,아메리카노,커피,50,225000
2024-12-01,카페라떼,라떼/기타,33,165000
2024-12-01,바닐라라떼,라떼/기타,14,77000
2024-12-01,콜드브루,커피,18,99000
2024-12-01,카푸치노,라떼/기타,11,55000
2024-12-01,녹차라떼,라떼/기타,9,49500
2024-12-01,초코라떼,라떼/기타,8,44000
2024-12-01,에스프레소,커피,7,24500
2024-12-01,디카페인 아메리카노,커피,5,25000
2024-12-02,아메리카노,커피,46,207000
2024-12-02,카페라떼,라떼/기타,30,150000
2024-12-02,바닐라라떼,라떼/기타,10,55000
2024-12-02,콜드브루,커피,11,60500
2024-12-02,카푸치노,라떼/기타,12,60000
2024-12-02,녹차라떼,라떼/기타,5,27500
2024-12-02,초코라떼,라떼/기타,3,16500
2024-12-02,에스프레소,커피,5,17500
2024-12-02,디카페인 아메리카노,커피,3,15000
2024-12-03,아메리카노,커피,55,247500
2024-12-03,카페라떼,라떼/기타,31,155000
2024-12-03,바닐라라떼,라떼/기타,15,82500
2024-12-03,콜드브루,커피,8,44000
2024-12-03,카푸치노,라떼/기타,8,40000
2024-12-03,녹차라떼,라떼/기타,7,38500
2024-12-03,초코라떼,라떼/기타,8,44000
2024-12-03,에스프레소,커피,6,21000
2024-12-03,디카페인 아메리카노,커피,2,10000
2024-12-04,아메리카노,커피,39,175500
2024-12-04,카페라떼,라떼/기타,34,170000
2024-12-04,바닐라라떼,라떼/기타,16,88000
2024-12-04,콜드브루,커피,15,82500
2024-12-04,카푸치노,라떼/기타,6,30000
2024-12-04,녹차라떼,라떼/기타,7,38500
2024-12-04,초코라떼,라떼/기타,6,33000
2024-12-04,에스프레소,커피,7,24500
2024-12-04,디카페인 아메리카노,커피,3,15000
2024-12-05,아메리카노,커피,45,202500
2024-12-05,카페라떼,라떼/기타,24,120000
2024-12-05,바닐라라떼,라떼/기타,15,82500
2024-12-05,콜드브루,커피,15,82500
2024-12-05,카푸치노,라떼/기타,10,50000
2024-12-05,녹차라떼,라떼/기타,4,22000
2024-12-05,초코라떼,라떼/기타,6,33000
2024-12-05,에스프레소,커피,6,21000
2024-12-05,디카페인 아메리카노,커피,5,25000
2024-12-06,아메리카노,커피,49,220500
2024-12-06,카페라떼,라떼/기타,36,180000
2024-12-06,바닐라라떼,라떼/기타,19,104500
2024-12-06,콜드브루,커피,17,93500
2024-12-06,카푸치노,라떼/기타,14,70000
2024-12-06,녹차라떼,라떼/기타,12,66000
2024-12-06,초코라떼,라떼/기타,8,44000
2024-12-06,에스프레소,커피,6,21000
2024-12-06,디카페인 아메리카노,커피,4,20000
2024-12-07,아메리카노,커피,79,355500
2024-12-07,카페라떼,라떼/기타,41,205000
2024-12-07,바닐라라떼,라떼/기타,23,126500
2024-12-07,콜드브루,커피,20,110000
2024-12-07,카푸치노,라떼/기타,12,60000
2024-12-07,녹차라떼,라떼/기타,8,44000
2024-12-07,초코라떼,라떼/기타,9,49500
2024-12-07,에스프레소,커피,7,24500
2024-12-07,디카페인 아메리카노,커피,4,20000
2024-12-08,아메리카노,커피,57,256500
2024-12-08,카페라떼,라떼/기타,34,170000
2024-12-08,바닐라라떼,라떼/기타,15,82500
2024-12-08,콜드브루,커피,22,121000
2024-12-08,카푸치노,라떼/기타,11,55000
2024-12-08,녹차라떼,라떼/기타,10,55000
2024-12-08,초코라떼,라떼/기타,11,60500
2024-12-08,에스프레소,커피,10,35000
2024-12-08,디카페인 아메리카노,커피,5,25000
2024-12-09,아메리카노,커피,38,171000
2024-12-09,카페라떼,라떼/기타,29,145000
2024-12-09,바닐라라떼,라떼/기타,15,82500
2024-12-09,콜드브루,커피,14,77000
2024-12-09,카푸치노,라떼/기타,7,35000
2024-12-09,녹차라떼,라떼/기타,8,44000
2024-12-09,초코라떼,라떼/기타,8,44000
2024-12-09,에스프레소,커피,4,14000
2024-12-09,디카페인 아메리카노,커피,2,10000
2024-12-10,아메리카노,커피,44,198000
2024-12-10,카페라떼,라떼/기타,25,125000
2024-12-10,바닐라라떼,라떼/기타,9,49500
2024-12-10,콜드브루,커피,14,77000
2024-12-10,카푸치노,라떼/기타,11,55000
2024-12-10,녹차라떼,라떼/기타,6,33000
2024-12-10,초코라떼,라떼/기타,6,33000
2024-12-10,에스프레소,커피,5,17500
2024-12-10,디카페인 아메리카노,커피,3,15000
2024-12-11,아메리카노,커피,58,261000
2024-12-11,카페라떼,라떼/기타,50,250000
2024-12-11,바닐라라떼,라떼/기타,20,110000
2024-12-11,콜드브루,커피,17,93500
2024-12-11,카푸치노,라떼/기타,14,70000
2024-12-11,녹차라떼,라떼/기타,10,55000
2024-12-11,초코라떼,라떼/기타,8,44000
2024-12-11,에스프레소,커피,6,21000
2024-12-11,디카페인 아메리카노,커피,5,25000
2024-12-12,아메리카노,커피,42,189000
2024-12-12,카페라떼,라떼/기타,36,180000
2024-12-12,바닐라라떼,라떼/기타,24,132000
2024-12-12,콜드브루,커피,19,104500
2024-12-12,카푸치노,라떼/기타,7,35000
2024-12-12,녹차라떼,라떼/기타,8,44000
2024-12-12,초코라떼,라떼/기타,8,44000
2024-12-12,에스프레소,커피,6,21000
2024-12-12,디카페인 아메리카노,커피,4,20000
2024-12-13,아메리카노,커피,47,211500
2024-12-13,카페라떼,라떼/기타,40,200000
2024-12-13,바닐라라떼,라떼/기타,16,88000
2024-12-13,콜드브루,커피,12,66000
2024-12-13,카푸치노,라떼/기타,11,55000
2024-12-13,녹차라떼,라떼/기타,11,60500
2024-12-13,초코라떼,라떼/기타,9,49500
2024-12-13,에스프레소,커피,8,28000
2024-12-13,디카페인 아메리카노,커피,6,30000
2024-12-14,아메리카노,커피,58,261000
2024-12-14,카페라떼,라떼/기타,40,200000
2024-12-14,바닐라라떼,라떼/기타,17,93500
2024-12-14,콜드브루,커피,15,82500
2024-12-14,카푸치노,라떼/기타,11,55000
2024-12-14,녹차라떼,라떼/기타,6,33000
2024-12-14,초코라떼,라떼/기타,7,38500
2024-12-14,에스프레소,커피,5,17500
2024-12-14,디카페인 아메리카노,커피,5,25000
2024-12-15,아메리카노,커피,75,337500
2024-12-15,카페라떼,라떼/기타,38,190000
2024-12-15,바닐라라떼,라떼/기타,13,71500
2024-12-15,콜드브루,커피,12,66000
2024-12-15,카푸치노,라떼/기타,12,60000
2024-12-15,녹차라떼,라떼/기타,5,27500
2024-12-15,초코라떼,라떼/기타,7,38500
2024-12-15,에스프레소,커피,4,14000
2024-12-15,디카페인 아메리카노,커피,5,25000
2024-12-16,아메리카노,커피,51,229500
2024-12-16,카페라떼,라떼/기타,25,125000
2024-12-16,바닐라라떼,라떼/기타,15,82500
2024-12-16,콜드브루,커피,12,66000
2024-12-16,카푸치노,라떼/기타,10,50000
2024-12-16,녹차라떼,라떼/기타,7,38500
2024-12-16,초코라떼,라떼/기타,5,27500
2024-12-16,에스프레소,커피,5,17500
2024-12-16,디카페인 아메리카노,커피,2,10000
2024-12-17,아메리카노,커피,44,198000
2024-12-17,카페라떼,라떼/기타,21,105000
2024-12-17,바닐라라떼,라떼/기타,11,60500
2024-12-17,콜드브루,커피,11,60500
2024-12-17,카푸치노,라떼/기타,9,45000
2024-12-17,녹차라떼,라떼/기타,5,27500
2024-12-17,초코라떼,라떼/기타,4,22000
2024-12-17,에스프레소,커피,6,21000
2024-12-17,디카페인 아메리카노,커피,2,10000
2024-12-18,아메리카노,커피,44,198000
2024-12-18,카페라떼,라떼/기타,15,75000
2024-12-18,바닐라라떼,라떼/기타,11,60500
2024-12-18,콜드브루,커피,10,55000
2024-12-18,카푸치노,라떼/기타,10,50000
2024-12-18,녹차라떼,라떼/기타,8,44000
2024-12-18,초코라떼,라떼/기타,3,16500
2024-12-18,에스프레소,커피,3,10500
2024-12-18,디카페인 아메리카노,커피,4,20000
2024-12-19,아메리카노,커피,55,247500
2024-12-19,카페라떼,라떼/기타,34,170000
2024-12-19,바닐라라떼,라떼/기타,13,71500
2024-12-19,콜드브루,커피,10,55000
2024-12-19,카푸치노,라떼/기타,10,50000
2024-12-19,녹차라떼,라떼/기타,9,49500
2024-12-19,초코라떼,라떼/기타,7,38500
2024-12-19,에스프레소,커피,5,17500
2024-12-19,디카페인 아메리카노,커피,4,20000
2024-12-20,아메리카노,커피,63,283500
2024-12-20,카페라떼,라떼/기타,31,155000
2024-12-20,바닐라라떼,라떼/기타,16,88000
2024-12-20,콜드브루,커피,15,82500
2024-12-20,카푸치노,라떼/기타,15,75000
2024-12-20,녹차라떼,라떼/기타,15,82500
2024-12-20,초코라떼,라떼/기타,6,33000
2024-12-20,에스프레소,커피,5,17500
2024-12-20,디카페인 아메리카노,커피,4,20000
2024-12-21,아메리카노,커피,56,252000
2024-12-21,카페라떼,라떼/기타,27,135000
2024-12-21,바닐라라떼,라떼/기타,12,66000
2024-12-21,콜드브루,커피,16,88000
2024-12-21,카푸치노,라떼/기타,17,85000
2024-12-21,녹차라떼,라떼/기타,11,60500
2024-12-21,초코라떼,라떼/기타,10,55000
2024-12-21,에스프레소,커피,8,28000
2024-12-21,디카페인 아메리카노,커피,4,20000
2024-12-22,아메리카노,커피,58,261000
2024-12-22,카페라떼,라떼/기타,23,115000
2024-12-22,바닐라라떼,라떼/기타,16,88000
2024-12-22,콜드브루,커피,17,93500
2024-12-22,카푸치노,라떼/기타,11,55000
2024-12-22,녹차라떼,라떼/기타,12,66000
2024-12-22,초코라떼,라떼/기타,5,27500
2024-12-22,에스프레소,커피,5,17500
2024-12-22,디카페인 아메리카노,커피,4,20000
2024-12-23,아메리카노,커피,46,207000
2024-12-23,카페라떼,라떼/기타,19,95000
2024-12-23,바닐라라떼,라떼/기타,15,82500
2024-12-23,콜드브루,커피,9,49500
2024-12-23,카푸치노,라떼/기타,8,40000
2024-12-23,녹차라떼,라떼/기타,5,27500
2024-12-23,초코라떼,라떼/기타,9,49500
2024-12-23,에스프레소,커피,4,14000
2024-12-23,디카페인 아메리카노,커피,4,20000
2024-12-24,아메리카노,커피,55,247500
2024-12-24,카페라떼,라떼/기타,24,120000
2024-12-24,바닐라라떼,라떼/기타,13,71500
2024-12-24,콜드브루,커피,12,66000
2024-12-24,카푸치노,라떼/기타,10,50000
2024-12-24,녹차라떼,라떼/기타,8,44000
2024-12-24,초코라떼,라떼/기타,5,27500
2024-12-24,에스프레소,커피,5,17500
2024-12-24,디카페인 아메리카노,커피,3,15000
2024-12-25,아메리카노,커피,79,355500
2024-12-25,카페라떼,라떼/기타,42,210000
2024-12-25,바닐라라떼,라떼/기타,21,115500
2024-12-25,콜드브루,커피,19,104500
2024-12-25,카푸치노,라떼/기타,13,65000
2024-12-25,녹차라떼,라떼/기타,10,55000
2024-12-25,초코라떼,라떼/기타,9,49500
2024-12-25,에스프레소,커피,9,31500
2024-12-25,디카페인 아메리카노,커피,5,25000
2024-12-26,아메리카노,커피,37,166500
2024-12-26,카페라떼,라떼/기타,27,135000
2024-12-26,바닐라라떼,라떼/기타,13,71500
2024-12-26,콜드브루,커피,14,77000
2024-12-26,카푸치노,라떼/기타,12,60000
2024-12-26,녹차라떼,라떼/기타,7,38500
2024-12-26,초코라떼,라떼/기타,7,38500
2024-12-26,에스프레소,커피,6,21000
2024-12-26,디카페인 아메리카노,커피,4,20000
2024-12-27,아메리카노,커피,60,270000
2024-12-27,카페라떼,라떼/기타,38,190000
2024-12-27,바닐라라떼,라떼/기타,20,110000
2024-12-27,콜드브루,커피,16,88000
2024-12-27,카푸치노,라떼/기타,11,55000
2024-12-27,녹차라떼,라떼/기타,12,66000
2024-12-27,초코라떼,라떼/기타,7,38500
2024-12-27,에스프레소,커피,7,24500
2024-12-27,디카페인 아메리카노,커피,6,30000
2024-12-28,아메리카노,커피,66,297000
2024-12-28,카페라떼,라떼/기타,36,180000
2024-12-28,바닐라라떼,라떼/기타,25,137500
2024-12-28,콜드브루,커피,16,88000
2024-12-28,카푸치노,라떼/기타,12,60000
2024-12-28,녹차라떼,라떼/기타,11,60500
2024-12-28,초코라떼,라떼/기타,9,49500
2024-12-28,에스프레소,커피,8,28000
2024-12-28,디카페인 아메리카노,커피,6,30000
2024-12-29,아메리카노,커피,46,207000
2024-12-29,카페라떼,라떼/기타,32,160000
2024-12-29,바닐라라떼,라떼/기타,18,99000
2024-12-29,콜드브루,커피,16,88000
2024-12-29,카푸치노,라떼/기타,11,55000
2024-12-29,녹차라떼,라떼/기타,8,44000
2024-12-29,초코라떼,라떼/기타,8,44000
2024-12-29,에스프레소,커피,5,17500
2024-12-29,디카페인 아메리카노,커피,2,10000
2024-12-30,아메리카노,커피,36,162000
2024-12-30,카페라떼,라떼/기타,13,65000
2024-12-30,바닐라라떼,라떼/기타,15,82500
2024-12-30,콜드브루,커피,12,66000
2024-12-30,카푸치노,라떼/기타,8,40000
2024-12-30,녹차라떼,라떼/기타,5,27500
2024-12-30,초코라떼,라떼/기타,4,22000
2024-12-30,에스프레소,커피,2,7000
2024-12-30,디카페인 아메리카노,커피,4,20000
2024-12-31,아메리카노,커피,40,180000
2024-12-31,카페라떼,라떼/기타,24,120000
2024-12-31,바닐라라떼,라떼/기타,14,77000
2024-12-31,콜드브루,커피,13,71500
2024-12-31,카푸치노,라떼/기타,9,45000
2024-12-31,녹차라떼,라떼/기타,6,33000
2024-12-31,초코라떼,라떼/기타,5,27500
2024-12-31,에스프레소,커피,5,17500
2024-12-31,디카페인 아메리카노,커피,3,15000
2025-01-01,아메리카노,커피,58,261000
2025-01-01,카페라떼,라떼/기타,34,170000
2025-01-01,바닐라라떼,라떼/기타,10,55000
2025-01-01,콜드브루,커피,19,104500
2025-01-01,카푸치노,라떼/기타,15,75000
2025-01-01,녹차라떼,라떼/기타,9,49500
2025-01-01,초코라떼,라떼/기타,10,55000
2025-01-01,에스프레소,커피,7,24500
2025-01-01,디카페인 아메리카노,커피,6,30000
2025-01-02,아메리카노,커피,49,220500
2025-01-02,카페라떼,라떼/기타,33,165000
2025-01-02,바닐라라떼,라떼/기타,18,99000
2025-01-02,콜드브루,커피,19,104500
2025-01-02,카푸치노,라떼/기타,14,70000
2025-01-02,녹차라떼,라떼/기타,5,27500
2025-01-02,초코라떼,라떼/기타,6,33000
2025-01-02,에스프레소,커피,6,21000
2025-01-02,디카페인 아메리카노,커피,5,25000
2025-01-03,아메리카노,커피,39,175500
2025-01-03,카페라떼,라떼/기타,33,165000
2025-01-03,바닐라라떼,라떼/기타,17,93500
2025-01-03,콜드브루,커피,14,77000
2025-01-03,카푸치노,라떼/기타,12,60000
2025-01-03,녹차라떼,라떼/기타,10,55000
2025-01-03,초코라떼,라떼/기타,6,33000
2025-01-03,에스프레소,커피,5,17500
2025-01-03,디카페인 아메리카노,커피,4,20000
2025-01-04,아메리카노,커피,71,319500
2025-01-04,카페라떼,라떼/기타,31,155000
2025-01-04,바닐라라떼,라떼/기타,26,143000
2025-01-04,콜드브루,커피,18,99000
2025-01-04,카푸치노,라떼/기타,11,55000
2025-01-04,녹차라떼,라떼/기타,11,60500
2025-01-04,초코라떼,라떼/기타,7,38500
2025-01-04,에스프레소,커피,8,28000
2025-01-04,디카페인 아메리카노,커피,4,20000
2025-01-05,아메리카노,커피,58,261000
2025-01-05,카페라떼,라떼/기타,26,130000
2025-01-05,바닐라라떼,라떼/기타,23,126500
2025-01-05,콜드브루,커피,12,66000
2025-01-05,카푸치노,라떼/기타,9,45000
2025-01-05,녹차라떼,라떼/기타,10,55000
2025-01-05,초코라떼,라떼/기타,8,44000
2025-01-05,에스프레소,커피,7,24500
2025-01-05,디카페인 아메리카노,커피,4,20000
2025-01-06,아메리카노,커피,21,94500
2025-01-06,카페라떼,라떼/기타,11,55000
2025-01-06,바닐라라떼,라떼/기타,12,66000
2025-01-06,콜드브루,커피,11,60500
2025-01-06,카푸치노,라떼/기타,7,35000
2025-01-06,녹차라떼,라떼/기타,4,22000
2025-01-06,초코라떼,라떼/기타,5,27500
2025-01-06,에스프레소,커피,3,10500
2025-01-06,디카페인 아메리카노,커피,3,15000
2025-01-07,아메리카노,커피,44,198000
2025-01-07,카페라떼,라떼/기타,28,140000
2025-01-07,바닐라라떼,라떼/기타,15,82500
2025-01-07,콜드브루,커피,6,33000
2025-01-07,카푸치노,라떼/기타,8,40000
2025-01-07,녹차라떼,라떼/기타,8,44000
2025-01-07,초코라떼,라떼/기타,5,27500
2025-01-07,에스프레소,커피,3,10500
2025-01-07,디카페인 아메리카노,커피,3,15000
2025-01-08,아메리카노,커피,34,153000
2025-01-08,카페라떼,라떼/기타,30,150000
2025-01-08,바닐라라떼,라떼/기타,13,71500
2025-01-08,콜드브루,커피,12,66000
2025-01-08,카푸치노,라떼/기타,6,30000
2025-01-08,녹차라떼,라떼/기타,7,38500
2025-01-08,초코라떼,라떼/기타,4,22000
2025-01-08,에스프레소,커피,6,21000
2025-01-08,디카페인 아메리카노,커피,3,15000
2025-01-09,아메리카노,커피,45,202500
2025-01-09,카페라떼,라떼/기타,23,115000
2025-01-09,바닐라라떼,라떼/기타,12,66000
2025-01-09,콜드브루,커피,12,66000
2025-01-09,카푸치노,라떼/기타,8,40000
2025-01-09,녹차라떼,라떼/기타,7,38500
2025-01-09,초코라떼,라떼/기타,6,33000
2025-01-09,에스프레소,커피,4,14000
2025-01-09,디카페인 아메리카노,커피,3,15000
2025-01-10,아메리카노,커피,50,225000
2025-01-10,카페라떼,라떼/기타,32,160000
2025-01-10,바닐라라떼,라떼/기타,19,104500
2025-01-10,콜드브루,커피,14,77000
2025-01-10,카푸치노,라떼/기타,8,40000
2025-01-10,녹차라떼,라떼/기타,8,44000
2025-01-10,초코라떼,라떼/기타,5,27500
2025-01-10,에스프레소,커피,6,21000
2025-01-10,디카페인 아메리카노,커피,5,25000
2025-01-11,아메리카노,커피,62,279000
2025-01-11,카페라떼,라떼/기타,33,165000
2025-01-11,바닐라라떼,라떼/기타,16,88000
2025-01-11,콜드브루,커피,13,71500
2025-01-11,카푸치노,라떼/기타,14,70000
2025-01-11,녹차라떼,라떼/기타,11,60500
2025-01-11,초코라떼,라떼/기타,7,38500
2025-01-11,에스프레소,커피,5,17500
2025-01-11,디카페인 아메리카노,커피,4,20000
2025-01-12,아메리카노,커피,55,247500
2025-01-12,카페라떼,라떼/기타,40,200000
2025-01-12,바닐라라떼,라떼/기타,16,88000
2025-01-12,콜드브루,커피,13,71500
2025-01-12,카푸치노,라떼/기타,9,45000
2025-01-12,녹차라떼,라떼/기타,10,55000
2025-01-12,초코라떼,라떼/기타,5,27500
2025-01-12,에스프레소,커피,4,14000
2025-01-12,디카페인 아메리카노,커피,2,10000
2025-01-13,아메리카노,커피,49,220500
2025-01-13,카페라떼,라떼/기타,17,85000
2025-01-13,바닐라라떼,라떼/기타,9,49500
2025-01-13,콜드브루,커피,12,66000
2025-01-13,카푸치노,라떼/기타,10,50000
2025-01-13,녹차라떼,라떼/기타,7,38500
2025-01-13,초코라떼,라떼/기타,4,22000
2025-01-13,에스프레소,커피,7,24500
2025-01-13,디카페인 아메리카노,커피,4,20000
2025-01-14,아메리카노,커피,40,180000
2025-01-14,카페라떼,라떼/기타,18,90000
2025-01-14,바닐라라떼,라떼/기타,8,44000
2025-01-14,콜드브루,커피,14,77000
2025-01-14,카푸치노,라떼/기타,7,35000
2025-01-14,녹차라떼,라떼/기타,9,49500
2025-01-14,초코라떼,라떼/기타,4,22000
2025-01-14,에스프레소,커피,4,14000
2025-01-14,디카페인 아메리카노,커피,3,15000
2025-01-15,아메리카노,커피,46,207000
2025-01-15,카페라떼,라떼/기타,33,165000
2025-01-15,바닐라라떼,라떼/기타,14,77000
2025-01-15,콜드브루,커피,9,49500
2025-01-15,카푸치노,라떼/기타,8,40000
2025-01-15,녹차라떼,라떼/기타,10,55000
2025-01-15,초코라떼,라떼/기타,4,22000
2025-01-15,에스프레소,커피,5,17500
2025-01-15,디카페인 아메리카노,커피,3,15000
2025-01-16,아메리카노,커피,46,207000
2025-01-16,카페라떼,라떼/기타,19,95000
2025-01-16,바닐라라떼,라떼/기타,18,99000
2025-01-16,콜드브루,커피,12,66000
2025-01-16,카푸치노,라떼/기타,9,45000
2025-01-16,녹차라떼,라떼/기타,8,44000
2025-01-16,초코라떼,라떼/기타,6,33000
2025-01-16,에스프레소,커피,6,21000
2025-01-16,디카페인 아메리카노,커피,3,15000
2025-01-17,아메리카노,커피,45,202500
2025-01-17,카페라떼,라떼/기타,28,140000
2025-01-17,바닐라라떼,라떼/기타,18,99000
2025-01-17,콜드브루,커피,18,99000
2025-01-17,카푸치노,라떼/기타,8,40000
2025-01-17,녹차라떼,라떼/기타,10,55000
2025-01-17,초코라떼,라떼/기타,5,27500
2025-01-17,에스프레소,커피,5,17500
2025-01-17,디카페인 아메리카노,커피,4,20000
2025-01-18,아메리카노,커피,58,261000
2025-01-18,카페라떼,라떼/기타,29,145000
2025-01-18,바닐라라떼,라떼/기타,13,71500
2025-01-18,콜드브루,커피,9,49500
2025-01-18,카푸치노,라떼/기타,13,65000
2025-01-18,녹차라떼,라떼/기타,6,33000
2025-01-18,초코라떼,라떼/기타,9,49500
2025-01-18,에스프레소,커피,7,24500
2025-01-18,디카페인 아메리카노,커피,4,20000
2025-01-19,아메리카노,커피,66,297000
2025-01-19,카페라떼,라떼/기타,34,170000
2025-01-19,바닐라라떼,라떼/기타,14,77000
2025-01-19,콜드브루,커피,11,60500
2025-01-19,카푸치노,라떼/기타,12,60000
2025-01-19,녹차라떼,라떼/기타,6,33000
2025-01-19,초코라떼,라떼/기타,9,49500
2025-01-19,에스프레소,커피,7,24500
2025-01-19,디카페인 아메리카노,커피,4,20000
2025-01-20,아메리카노,커피,35,157500
2025-01-20,카페라떼,라떼/기타,34,170000
2025-01-20,바닐라라떼,라떼/기타,15,82500
2025-01-20,콜드브루,커피,14,77000
2025-01-20,카푸치노,라떼/기타,8,40000
2025-01-20,녹차라떼,라떼/기타,8,44000
2025-01-20,초코라떼,라떼/기타,5,27500
2025-01-20,에스프레소,커피,5,17500
2025-01-20,디카페인 아메리카노,커피,4,20000
2025-01-21,아메리카노,커피,55,247500
2025-01-21,카페라떼,라떼/기타,18,90000
2025-01-21,바닐라라떼,라떼/기타,13,71500
2025-01-21,콜드브루,커피,13,71500
2025-01-21,카푸치노,라떼/기타,13,65000
2025-01-21,녹차라떼,라떼/기타,13,71500
2025-01-21,초코라떼,라떼/기타,6,33000
2025-01-21,에스프레소,커피,5,17500
2025-01-21,디카페인 아메리카노,커피,4,20000
2025-01-22,아메리카노,커피,49,220500
2025-01-22,카페라떼,라떼/기타,31,155000
2025-01-22,바닐라라떼,라떼/기타,20,110000
2025-01-22,콜드브루,커피,19,104500
2025-01-22,카푸치노,라떼/기타,12,60000
2025-01-22,녹차라떼,라떼/기타,6,33000
2025-01-22,초코라떼,라떼/기타,6,33000
2025-01-22,에스프레소,커피,5,17500
2025-01-22,디카페인 아메리카노,커피,3,15000
2025-01-23,아메리카노,커피,51,229500
2025-01-23,카페라떼,라떼/기타,36,180000
2025-01-23,바닐라라떼,라떼/기타,20,110000
2025-01-23,콜드브루,커피,15,82500
2025-01-23,카푸치노,라떼/기타,16,80000
2025-01-23,녹차라떼,라떼/기타,12,66000
2025-01-23,초코라떼,라떼/기타,7,38500
2025-01-23,에스프레소,커피,5,17500
2025-01-23,디카페인 아메리카노,커피,5,25000
2025-01-24,아메리카노,커피,52,234000
2025-01-24,카페라떼,라떼/기타,20,100000
2025-01-24,바닐라라떼,라떼/기타,14,77000
2025-01-24,콜드브루,커피,10,55000
2025-01-24,카푸치노,라떼/기타,10,50000
2025-01-24,녹차라떼,라떼/기타,8,44000
2025-01-24,초코라떼,라떼/기타,6,33000
2025-01-24,에스프레소,커피,4,14000
2025-01-24,디카페인 아메리카노,커피,5,25000
2025-01-25,아메리카노,커피,63,283500
2025-01-25,카페라떼,라떼/기타,49,245000
2025-01-25,바닐라라떼,라떼/기타,22,121000
2025-01-25,콜드브루,커피,17,93500
2025-01-25,카푸치노,라떼/기타,12,60000
2025-01-25,녹차라떼,라떼/기타,8,44000
2025-01-25,초코라떼,라떼/기타,10,55000
2025-01-25,에스프레소,커피,4,14000
2025-01-25,디카페인 아메리카노,커피,5,25000
2025-01-26,아메리카노,커피,38,171000
2025-01-26,카페라떼,라떼/기타,22,110000
2025-01-26,바닐라라떼,라떼/기타,17,93500
2025-01-26,콜드브루,커피,19,104500
2025-01-26,카푸치노,라떼/기타,8,40000
2025-01-26,녹차라떼,라떼/기타,8,44000
2025-01-26,초코라떼,라떼/기타,7,38500
2025-01-26,에스프레소,커피,4,14000
2025-01-26,디카페인 아메리카노,커피,4,20000
2025-01-27,아메리카노,커피,29,130500
2025-01-27,카페라떼,라떼/기타,26,130000
2025-01-27,바닐라라떼,라떼/기타,10,55000
2025-01-27,콜드브루,커피,6,33000
2025-01-27,카푸치노,라떼/기타,7,35000
2025-01-27,녹차라떼,라떼/기타,4,22000
2025-01-27,초코라떼,라떼/기타,6,33000
2025-01-27,에스프레소,커피,4,14000
2025-01-27,디카페인 아메리카노,커피,2,10000
2025-01-28,아메리카노,커피,47,211500
2025-01-28,카페라떼,라떼/기타,26,130000
2025-01-28,바닐라라떼,라떼/기타,11,60500
2025-01-28,콜드브루,커피,14,77000
2025-01-28,카푸치노,라떼/기타,9,45000
2025-01-28,녹차라떼,라떼/기타,7,38500
2025-01-28,초코라떼,라떼/기타,8,44000
2025-01-28,에스프레소,커피,7,24500
2025-01-28,디카페인 아메리카노,커피,4,20000
2025-01-29,아메리카노,커피,68,306000
2025-01-29,카페라떼,라떼/기타,38,190000
2025-01-29,바닐라라떼,라떼/기타,12,66000
2025-01-29,콜드브루,커피,19,104500
2025-01-29,카푸치노,라떼/기타,8,40000
2025-01-29,녹차라떼,라떼/기타,6,33000
2025-01-29,초코라떼,라떼/기타,7,38500
2025-01-29,에스프레소,커피,4,14000
2025-01-29,디카페인 아메리카노,커피,5,25000
2025-01-30,아메리카노,커피,58,261000
2025-01-30,카페라떼,라떼/기타,38,190000
2025-01-30,바닐라라떼,라떼/기타,23,126500
2025-01-30,콜드브루,커피,17,93500
2025-01-30,카푸치노,라떼/기타,13,65000
2025-01-30,녹차라떼,라떼/기타,9,49500
2025-01-30,초코라떼,라떼/기타,8,44000
2025-01-30,에스프레소,커피,6,21000
2025-01-30,디카페인 아메리카노,커피,3,15000
2025-01-31,아메리카노,커피,63,283500
2025-01-31,카페라떼,라떼/기타,30,150000
2025-01-31,바닐라라떼,라떼/기타,23,126500
2025-01-31,콜드브루,커피,16,88000
2025-01-31,카푸치노,라떼/기타,9,45000
2025-01-31,녹차라떼,라떼/기타,7,38500
2025-01-31,초코라떼,라떼/기타,11,60500
2025-01-31,에스프레소,커피,6,21000
2025-01-31,디카페인 아메리카노,커피,5,25000
2025-02-01,아메리카노,커피,57,256500
2025-02-01,카페라떼,라떼/기타,18,90000
2025-02-01,바닐라라떼,라떼/기타,18,99000
2025-02-01,콜드브루,커피,18,99000
2025-02-01,카푸치노,라떼/기타,12,60000
2025-02-01,녹차라떼,라떼/기타,12,66000
2025-02-01,초코라떼,라떼/기타,7,38500
2025-02-01,에스프레소,커피,8,28000
2025-02-01,디카페인 아메리카노,커피,4,20000
2025-02-02,아메리카노,커피,42,189000
2025-02-02,카페라떼,라떼/기타,31,155000
2025-02-02,바닐라라떼,라떼/기타,13,71500
2025-02-02,콜드브루,커피,15,82500
2025-02-02,카푸치노,라떼/기타,5,25000
2025-02-02,녹차라떼,라떼/기타,8,44000
2025-02-02,초코라떼,라떼/기타,6,33000
2025-02-02,에스프레소,커피,3,10500
2025-02-02,디카페인 아메리카노,커피,3,15000
2025-02-03,아메리카노,커피,36,162000
2025-02-03,카페라떼,라떼/기타,27,135000
2025-02-03,바닐라라떼,라떼/기타,21,115500
2025-02-03,콜드브루,커피,17,93500
2025-02-03,카푸치노,라떼/기타,12,60000
2025-02-03,녹차라떼,라떼/기타,11,60500
2025-02-03,초코라떼,라떼/기타,7,38500
2025-02-03,에스프레소,커피,6,21000
2025-02-03,디카페인 아메리카노,커피,4,20000
2025-02-04,아메리카노,커피,44,198000
2025-02-04,카페라떼,라떼/기타,29,145000
2025-02-04,바닐라라떼,라떼/기타,13,71500
2025-02-04,콜드브루,커피,10,55000
2025-02-04,카푸치노,라떼/기타,9,45000
2025-02-04,녹차라떼,라떼/기타,9,49500
2025-02-04,초코라떼,라떼/기타,4,22000
2025-02-04,에스프레소,커피,6,21000
2025-02-04,디카페인 아메리카노,커피,5,25000
2025-02-05,아메리카노,커피,29,130500
2025-02-05,카페라떼,라떼/기타,25,125000
2025-02-05,바닐라라떼,라떼/기타,16,88000
2025-02-05,콜드브루,커피,11,60500
2025-02-05,카푸치노,라떼/기타,7,35000
2025-02-05,녹차라떼,라떼/기타,7,38500
2025-02-05,초코라떼,라떼/기타,6,33000
2025-02-05,에스프레소,커피,5,17500
2025-02-05,디카페인 아메리카노,커피,4,20000
2025-02-06,아메리카노,커피,41,184500
2025-02-06,카페라떼,라떼/기타,21,105000
2025-02-06,바닐라라떼,라떼/기타,14,77000
2025-02-06,콜드브루,커피,13,71500
2025-02-06,카푸치노,라떼/기타,8,40000
2025-02-06,녹차라떼,라떼/기타,8,44000
2025-02-06,초코라떼,라떼/기타,5,27500
2025-02-06,에스프레소,커피,5,17500
2025-02-06,디카페인 아메리카노,커피,3,15000
2025-02-07,아메리카노,커피,42,189000
2025-02-07,카페라떼,라떼/기타,34,170000
2025-02-07,바닐라라떼,라떼/기타,18,99000
2025-02-07,콜드브루,커피,14,77000
2025-02-07,카푸치노,라떼/기타,11,55000
2025-02-07,녹차라떼,라떼/기타,10,55000
2025-02-07,초코라떼,라떼/기타,9,49500
2025-02-07,에스프레소,커피,6,21000
2025-02-07,디카페인 아메리카노,커피,4,20000
2025-02-08,아메리카노,커피,69,310500
2025-02-08,카페라떼,라떼/기타,41,205000
2025-02-08,바닐라라떼,라떼/기타,21,115500
2025-02-08,콜드브루,커피,24,132000
2025-02-08,카푸치노,라떼/기타,8,40000
2025-02-08,녹차라떼,라떼/기타,11,60500
2025-02-08,초코라떼,라떼/기타,8,44000
2025-02-08,에스프레소,커피,5,17500
2025-02-08,디카페인 아메리카노,커피,6,30000
2025-02-09,아메리카노,커피,72,324000
2025-02-09,카페라떼,라떼/기타,25,125000
2025-02-09,바닐라라떼,라떼/기타,20,110000
2025-02-09,콜드브루,커피,14,77000
2025-02-09,카푸치노,라떼/기타,10,50000
2025-02-09,녹차라떼,라떼/기타,9,49500
2025-02-09,초코라떼,라떼/기타,4,22000
2025-02-09,에스프레소,커피,4,14000
2025-02-09,디카페인 아메리카노,커피,4,20000
2025-02-10,아메리카노,커피,34,153000
2025-02-10,카페라떼,라떼/기타,26,130000
2025-02-10,바닐라라떼,라떼/기타,10,55000
2025-02-10,콜드브루,커피,12,66000
2025-02-10,카푸치노,라떼/기타,6,30000
2025-02-10,녹차라떼,라떼/기타,7,38500
2025-02-10,초코라떼,라떼/기타,6,33000
2025-02-10,에스프레소,커피,4,14000
2025-02-10,디카페인 아메리카노,커피,3,15000
2025-02-11,아메리카노,커피,42,189000
2025-02-11,카페라떼,라떼/기타,36,180000
2025-02-11,바닐라라떼,라떼/기타,20,110000
2025-02-11,콜드브루,커피,15,82500
2025-02-11,카푸치노,라떼/기타,8,40000
2025-02-11,녹차라떼,라떼/기타,8,44000
2025-02-11,초코라떼,라떼/기타,6,33000
2025-02-11,에스프레소,커피,5,17500
2025-02-11,디카페인 아메리카노,커피,5,25000
2025-02-12,아메리카노,커피,47,211500
2025-02-12,카페라떼,라떼/기타,24,120000
2025-02-12,바닐라라떼,라떼/기타,11,60500
2025-02-12,콜드브루,커피,18,99000
2025-02-12,카푸치노,라떼/기타,8,40000
2025-02-12,녹차라떼,라떼/기타,9,49500
2025-02-12,초코라떼,라떼/기타,7,38500
2025-02-12,에스프레소,커피,4,14000
2025-02-12,디카페인 아메리카노,커피,3,15000
2025-02-13,아메리카노,커피,50,225000
2025-02-13,카페라떼,라떼/기타,28,140000
2025-02-13,바닐라라떼,라떼/기타,22,121000
2025-02-13,콜드브루,커피,19,104500
2025-02-13,카푸치노,라떼/기타,11,55000
2025-02-13,녹차라떼,라떼/기타,11,60500
2025-02-13,초코라떼,라떼/기타,7,38500
2025-02-13,에스프레소,커피,7,24500
2025-02-13,디카페인 아메리카노,커피,7,35000
2025-02-14,아메리카노,커피,58,261000
2025-02-14,카페라떼,라떼/기타,34,170000
2025-02-14,바닐라라떼,라떼/기타,17,93500
2025-02-14,콜드브루,커피,8,44000
2025-02-14,카푸치노,라떼/기타,8,40000
2025-02-14,녹차라떼,라떼/기타,5,27500
2025-02-14,초코라떼,라떼/기타,9,49500
2025-02-14,에스프레소,커피,8,28000
2025-02-14,디카페인 아메리카노,커피,5,25000
2025-02-15,아메리카노,커피,72,324000
2025-02-15,카페라떼,라떼/기타,56,280000
2025-02-15,바닐라라떼,라떼/기타,25,137500
2025-02-15,콜드브루,커피,18,99000
2025-02-15,카푸치노,라떼/기타,16,80000
2025-02-15,녹차라떼,라떼/기타,7,38500
2025-02-15,초코라떼,라떼/기타,11,60500
2025-02-15,에스프레소,커피,7,24500
2025-02-15,디카페인 아메리카노,커피,5,25000
2025-02-16,아메리카노,커피,51,229500
2025-02-16,카페라떼,라떼/기타,32,160000
2025-02-16,바닐라라떼,라떼/기타,19,104500
2025-02-16,콜드브루,커피,16,88000
2025-02-16,카푸치노,라떼/기타,8,40000
2025-02-16,녹차라떼,라떼/기타,10,55000
2025-02-16,초코라떼,라떼/기타,6,33000
2025-02-16,에스프레소,커피,5,17500
2025-02-16,디카페인 아메리카노,커피,5,25000
2025-02-17,아메리카노,커피,30,135000
2025-02-17,카페라떼,라떼/기타,16,80000
2025-02-17,바닐라라떼,라떼/기타,8,44000
2025-02-17,콜드브루,커피,12,66000
2025-02-17,카푸치노,라떼/기타,6,30000
2025-02-17,녹차라떼,라떼/기타,5,27500
2025-02-17,초코라떼,라떼/기타,4,22000
2025-02-17,에스프레소,커피,3,10500
2025-02-17,디카페인 아메리카노,커피,2,10000
2025-02-18,아메리카노,커피,44,198000
2025-02-18,카페라떼,라떼/기타,21,105000
2025-02-18,바닐라라떼,라떼/기타,12,66000
2025-02-18,콜드브루,커피,7,38500
2025-02-18,카푸치노,라떼/기타,7,35000
2025-02-18,녹차라떼,라떼/기타,2,11000
2025-02-18,초코라떼,라떼/기타,7,38500
2025-02-18,에스프레소,커피,3,10500
2025-02-18,디카페인 아메리카노,커피,3,15000
2025-02-19,아메리카노,커피,49,220500
2025-02-19,카페라떼,라떼/기타,25,125000
2025-02-19,바닐라라떼,라떼/기타,11,60500
2025-02-19,콜드브루,커피,12,66000
2025-02-19,카푸치노,라떼/기타,10,50000
2025-02-19,녹차라떼,라떼/기타,7,38500
2025-02-19,초코라떼,라떼/기타,4,22000
2025-02-19,에스프레소,커피,4,14000
2025-02-19,디카페인 아메리카노,커피,2,10000
2025-02-20,아메리카노,커피,55,247500
2025-02-20,카페라떼,라떼/기타,36,180000
2025-02-20,바닐라라떼,라떼/기타,15,82500
2025-02-20,콜드브루,커피,15,82500
2025-02-20,카푸치노,라떼/기타,10,50000
2025-02-20,녹차라떼,라떼/기타,11,60500
2025-02-20,초코라떼,라떼/기타,7,38500
2025-02-20,에스프레소,커피,5,17500
2025-02-20,디카페인 아메리카노,커피,5,25000
2025-02-21,아메리카노,커피,45,202500
2025-02-21,카페라떼,라떼/기타,32,160000
2025-02-21,바닐라라떼,라떼/기타,16,88000
2025-02-21,콜드브루,커피,10,55000
2025-02-21,카푸치노,라떼/기타,13,65000
2025-02-21,녹차라떼,라떼/기타,10,55000
2025-02-21,초코라떼,라떼/기타,4,22000
2025-02-21,에스프레소,커피,5,17500
2025-02-21,디카페인 아메리카노,커피,5,25000
2025-02-22,아메리카노,커피,49,220500
2025-02-22,카페라떼,라떼/기타,39,195000
2025-02-22,바닐라라떼,라떼/기타,19,104500
2025-02-22,콜드브루,커피,18,99000
2025-02-22,카푸치노,라떼/기타,13,65000
2025-02-22,녹차라떼,라떼/기타,10,55000
2025-02-22,초코라떼,라떼/기타,13,71500
2025-02-22,에스프레소,커피,6,21000
2025-02-22,디카페인 아메리카노,커피,8,40000
2025-02-23,아메리카노,커피,57,256500
2025-02-23,카페라떼,라떼/기타,32,160000
2025-02-23,바닐라라떼,라떼/기타,31,170500
2025-02-23,콜드브루,커피,14,77000
2025-02-23,카푸치노,라떼/기타,11,55000
2025-02-23,녹차라떼,라떼/기타,8,44000
2025-02-23,초코라떼,라떼/기타,7,38500
2025-02-23,에스프레소,커피,6,21000
2025-02-23,디카페인 아메리카노,커피,8,40000
2025-02-24,아메리카노,커피,39,175500
2025-02-24,카페라떼,라떼/기타,29,145000
2025-02-24,바닐라라떼,라떼/기타,20,110000
2025-02-24,콜드브루,커피,10,55000
2025-02-24,카푸치노,라떼/기타,7,35000
2025-02-24,녹차라떼,라떼/기타,8,44000
2025-02-24,초코라떼,라떼/기타,7,38500
2025-02-24,에스프레소,커피,5,17500
2025-02-24,디카페인 아메리카노,커피,5,25000
2025-02-25,아메리카노,커피,31,139500
2025-02-25,카페라떼,라떼/기타,29,145000
2025-02-25,바닐라라떼,라떼/기타,15,82500
2025-02-25,콜드브루,커피,15,82500
2025-02-25,카푸치노,라떼/기타,8,40000
2025-02-25,녹차라떼,라떼/기타,7,38500
2025-02-25,초코라떼,라떼/기타,8,44000
2025-02-25,에스프레소,커피,3,10500
2025-02-25,디카페인 아메리카노,커피,3,15000
2025-02-26,아메리카노,커피,58,261000
2025-02-26,카페라떼,라떼/기타,25,125000
2025-02-26,바닐라라떼,라떼/기타,18,99000
2025-02-26,콜드브루,커피,18,99000
2025-02-26,카푸치노,라떼/기타,10,50000
2025-02-26,녹차라떼,라떼/기타,7,38500
2025-02-26,초코라떼,라떼/기타,7,38500
2025-02-26,에스프레소,커피,6,21000
2025-02-26,디카페인 아메리카노,커피,4,20000
2025-02-27,아메리카노,커피,50,225000
2025-02-27,카페라떼,라떼/기타,34,170000
2025-02-27,바닐라라떼,라떼/기타,24,132000
2025-02-27,콜드브루,커피,15,82500
2025-02-27,카푸치노,라떼/기타,17,85000
2025-02-27,녹차라떼,라떼/기타,12,66000
2025-02-27,초코라떼,라떼/기타,8,44000
2025-02-27,에스프레소,커피,4,14000
2025-02-27,디카페인 아메리카노,커피,3,15000
2025-02-28,아메리카노,커피,57,256500
2025-02-28,카페라떼,라떼/기타,36,180000
2025-02-28,바닐라라떼,라떼/기타,13,71500
2025-02-28,콜드브루,커피,20,110000
2025-02-28,카푸치노,라떼/기타,9,45000
2025-02-28,녹차라떼,라떼/기타,7,38500
2025-02-28,초코라떼,라떼/기타,5,27500
2025-02-28,에스프레소,커피,6,21000
2025-02-28,디카페인 아메리카노,커피,3,15000
2025-03-01,아메리카노,커피,94,423000
2025-03-01,카페라떼,라떼/기타,49,245000
2025-03-01,바닐라라떼,라떼/기타,27,148500
2025-03-01,콜드브루,커피,24,132000
2025-03-01,카푸치노,라떼/기타,20,100000
2025-03-01,녹차라떼,라떼/기타,15,82500
2025-03-01,초코라떼,라떼/기타,13,71500
2025-03-01,에스프레소,커피,13,45500
2025-03-01,디카페인 아메리카노,커피,9,45000
2025-03-02,아메리카노,커피,46,207000
2025-03-02,카페라떼,라떼/기타,27,135000
2025-03-02,바닐라라떼,라떼/기타,18,99000
2025-03-02,콜드브루,커피,10,55000
2025-03-02,카푸치노,라떼/기타,7,35000
2025-03-02,녹차라떼,라떼/기타,9,49500
2025-03-02,초코라떼,라떼/기타,10,55000
2025-03-02,에스프레소,커피,6,21000
2025-03-02,디카페인 아메리카노,커피,4,20000
2025-03-03,아메리카노,커피,45,202500
2025-03-03,카페라떼,라떼/기타,39,195000
2025-03-03,바닐라라떼,라떼/기타,16,88000
2025-03-03,콜드브루,커피,14,77000
2025-03-03,카푸치노,라떼/기타,15,75000
2025-03-03,녹차라떼,라떼/기타,8,44000
2025-03-03,초코라떼,라떼/기타,7,38500
2025-03-03,에스프레소,커피,7,24500
2025-03-03,디카페인 아메리카노,커피,4,20000
2025-03-04,아메리카노,커피,47,211500
2025-03-04,카페라떼,라떼/기타,30,150000
2025-03-04,바닐라라떼,라떼/기타,12,66000
2025-03-04,콜드브루,커피,14,77000
2025-03-04,카푸치노,라떼/기타,5,25000
2025-03-04,녹차라떼,라떼/기타,8,44000
2025-03-04,초코라떼,라떼/기타,6,33000
2025-03-04,에스프레소,커피,7,24500
2025-03-04,디카페인 아메리카노,커피,2,10000
2025-03-05,아메리카노,커피,45,202500
2025-03-05,카페라떼,라떼/기타,28,140000
2025-03-05,바닐라라떼,라떼/기타,9,49500
2025-03-05,콜드브루,커피,10,55000
2025-03-05,카푸치노,라떼/기타,7,35000
2025-03-05,녹차라떼,라떼/기타,6,33000
2025-03-05,초코라떼,라떼/기타,8,44000
2025-03-05,에스프레소,커피,3,10500
2025-03-05,디카페인 아메리카노,커피,4,20000
2025-03-06,아메리카노,커피,61,274500
2025-03-06,카페라떼,라떼/기타,31,155000
2025-03-06,바닐라라떼,라떼/기타,14,77000
2025-03-06,콜드브루,커피,18,99000
2025-03-06,카푸치노,라떼/기타,11,55000
2025-03-06,녹차라떼,라떼/기타,10,55000
2025-03-06,초코라떼,라떼/기타,6,33000
2025-03-06,에스프레소,커피,8,28000
2025-03-06,디카페인 아메리카노,커피,6,30000
2025-03-07,아메리카노,커피,55,247500
2025-03-07,카페라떼,라떼/기타,36,180000
2025-03-07,바닐라라떼,라떼/기타,16,88000
2025-03-07,콜드브루,커피,22,121000
2025-03-07,카푸치노,라떼/기타,12,60000
2025-03-07,녹차라떼,라떼/기타,12,66000
2025-03-07,초코라떼,라떼/기타,6,33000
2025-03-07,에스프레소,커피,7,24500
2025-03-07,디카페인 아메리카노,커피,6,30000
2025-03-08,아메리카노,커피,52,234000
2025-03-08,카페라떼,라떼/기타,20,100000
2025-03-08,바닐라라떼,라떼/기타,21,115500
2025-03-08,콜드브루,커피,19,104500
2025-03-08,카푸치노,라떼/기타,11,55000
2025-03-08,녹차라떼,라떼/기타,12,66000
2025-03-08,초코라떼,라떼/기타,6,33000
2025-03-08,에스프레소,커피,6,21000
2025-03-08,디카페인 아메리카노,커피,2,10000
2025-03-09,아메리카노,커피,50,225000
2025-03-09,카페라떼,라떼/기타,49,245000
2025-03-09,바닐라라떼,라떼/기타,22,121000
2025-03-09,콜드브루,커피,17,93500
2025-03-09,카푸치노,라떼/기타,11,55000
2025-03-09,녹차라떼,라떼/기타,10,55000
2025-03-09,초코라떼,라떼/기타,8,44000
2025-03-09,에스프레소,커피,6,21000
2025-03-09,디카페인 아메리카노,커피,4,20000
2025-03-10,아메리카노,커피,65,292500
2025-03-10,카페라떼,라떼/기타,29,145000
2025-03-10,바닐라라떼,라떼/기타,14,77000
2025-03-10,콜드브루,커피,12,66000
2025-03-10,카푸치노,라떼/기타,11,55000
2025-03-10,녹차라떼,라떼/기타,7,38500
2025-03-10,초코라떼,라떼/기타,7,38500
2025-03-10,에스프레소,커피,4,14000
2025-03-10,디카페인 아메리카노,커피,3,15000
2025-03-11,아메리카노,커피,32,144000
2025-03-11,카페라떼,라떼/기타,24,120000
2025-03-11,바닐라라떼,라떼/기타,16,88000
2025-03-11,콜드브루,커피,12,66000
2025-03-11,카푸치노,라떼/기타,11,55000
2025-03-11,녹차라떼,라떼/기타,5,27500
2025-03-11,초코라떼,라떼/기타,6,33000
2025-03-11,에스프레소,커피,4,14000
2025-03-11,디카페인 아메리카노,커피,2,10000
2025-03-12,아메리카노,커피,62,279000
2025-03-12,카페라떼,라떼/기타,25,125000
2025-03-12,바닐라라떼,라떼/기타,16,88000
2025-03-12,콜드브루,커피,15,82500
2025-03-12,카푸치노,라떼/기타,8,40000
2025-03-12,녹차라떼,라떼/기타,7,38500
2025-03-12,초코라떼,라떼/기타,4,22000
2025-03-12,에스프레소,커피,5,17500
2025-03-12,디카페인 아메리카노,커피,3,15000
2025-03-13,아메리카노,커피,60,270000
2025-03-13,카페라떼,라떼/기타,30,150000
2025-03-13,바닐라라떼,라떼/기타,10,55000
2025-03-13,콜드브루,커피,12,66000
2025-03-13,카푸치노,라떼/기타,9,45000
2025-03-13,녹차라떼,라떼/기타,5,27500
2025-03-13,초코라떼,라떼/기타,5,27500
2025-03-13,에스프레소,커피,3,10500
2025-03-13,디카페인 아메리카노,커피,3,15000
2025-03-14,아메리카노,커피,49,220500
2025-03-14,카페라떼,라떼/기타,34,170000
2025-03-14,바닐라라떼,라떼/기타,19,104500
2025-03-14,콜드브루,커피,20,110000
2025-03-14,카푸치노,라떼/기타,13,65000
2025-03-14,녹차라떼,라떼/기타,13,71500
2025-03-14,초코라떼,라떼/기타,12,66000
2025-03-14,에스프레소,커피,8,28000
2025-03-14,디카페인 아메리카노,커피,7,35000
2025-03-15,아메리카노,커피,86,387000
2025-03-15,카페라떼,라떼/기타,57,285000
2025-03-15,바닐라라떼,라떼/기타,21,115500
2025-03-15,콜드브루,커피,29,159500
2025-03-15,카푸치노,라떼/기타,20,100000
2025-03-15,녹차라떼,라떼/기타,13,71500
2025-03-15,초코라떼,라떼/기타,12,66000
2025-03-15,에스프레소,커피,8,28000
2025-03-15,디카페인 아메리카노,커피,7,35000
2025-03-16,아메리카노,커피,48,216000
2025-03-16,카페라떼,라떼/기타,30,150000
2025-03-16,바닐라라떼,라떼/기타,21,115500
2025-03-16,콜드브루,커피,14,77000
2025-03-16,카푸치노,라떼/기타,11,55000
2025-03-16,녹차라떼,라떼/기타,10,55000
2025-03-16,초코라떼,라떼/기타,10,55000
2025-03-16,에스프레소,커피,5,17500
2025-03-16,디카페인 아메리카노,커피,6,30000
2025-03-17,아메리카노,커피,54,243000
2025-03-17,카페라떼,라떼/기타,32,160000
2025-03-17,바닐라라떼,라떼/기타,15,82500
2025-03-17,콜드브루,커피,7,38500
2025-03-17,카푸치노,라떼/기타,7,35000
2025-03-17,녹차라떼,라떼/기타,9,49500
2025-03-17,초코라떼,라떼/기타,8,44000
2025-03-17,에스프레소,커피,5,17500
2025-03-17,디카페인 아메리카노,커피,4,20000
2025-03-18,아메리카노,커피,45,202500
2025-03-18,카페라떼,라떼/기타,23,115000
2025-03-18,바닐라라떼,라떼/기타,9,49500
2025-03-18,콜드브루,커피,13,71500
2025-03-18,카푸치노,라떼/기타,11,55000
2025-03-18,녹차라떼,라떼/기타,5,27500
2025-03-18,초코라떼,라떼/기타,8,44000
2025-03-18,에스프레소,커피,5,17500
2025-03-18,디카페인 아메리카노,커피,3,15000
2025-03-19,아메리카노,커피,59,265500
2025-03-19,카페라떼,라떼/기타,29,145000
2025-03-19,바닐라라떼,라떼/기타,15,82500
2025-03-19,콜드브루,커피,20,110000
2025-03-19,카푸치노,라떼/기타,11,55000
2025-03-19,녹차라떼,라떼/기타,11,60500
2025-03-19,초코라떼,라떼/기타,8,44000
2025-03-19,에스프레소,커피,6,21000
2025-03-19,디카페인 아메리카노,커피,5,25000
2025-03-20,아메리카노,커피,69,310500
2025-03-20,카페라떼,라떼/기타,31,155000
2025-03-20,바닐라라떼,라떼/기타,23,126500
2025-03-20,콜드브루,커피,12,66000
2025-03-20,카푸치노,라떼/기타,10,50000
2025-03-20,녹차라떼,라떼/기타,10,55000
2025-03-20,초코라떼,라떼/기타,8,44000
2025-03-20,에스프레소,커피,7,24500
2025-03-20,디카페인 아메리카노,커피,3,15000
2025-03-21,아메리카노,커피,50,225000
2025-03-21,카페라떼,라떼/기타,36,180000
2025-03-21,바닐라라떼,라떼/기타,19,104500
2025-03-21,콜드브루,커피,15,82500
2025-03-21,카푸치노,라떼/기타,9,45000
2025-03-21,녹차라떼,라떼/기타,10,55000
2025-03-21,초코라떼,라떼/기타,5,27500
2025-03-21,에스프레소,커피,6,21000
2025-03-21,디카페인 아메리카노,커피,3,15000
2025-03-22,아메리카노,커피,82,369000
2025-03-22,카페라떼,라떼/기타,49,245000
2025-03-22,바닐라라떼,라떼/기타,20,110000
2025-03-22,콜드브루,커피,27,148500
2025-03-22,카푸치노,라떼/기타,15,75000
2025-03-22,녹차라떼,라떼/기타,18,99000
2025-03-22,초코라떼,라떼/기타,13,71500
2025-03-22,에스프레소,커피,6,21000
2025-03-22,디카페인 아메리카노,커피,4,20000
2025-03-23,아메리카노,커피,73,328500
2025-03-23,카페라떼,라떼/기타,44,220000
2025-03-23,바닐라라떼,라떼/기타,16,88000
2025-03-23,콜드브루,커피,13,71500
2025-03-23,카푸치노,라떼/기타,14,70000
2025-03-23,녹차라떼,라떼/기타,8,44000
2025-03-23,초코라떼,라떼/기타,10,55000
2025-03-23,에스프레소,커피,7,24500
2025-03-23,디카페인 아메리카노,커피,7,35000
2025-03-24,아메리카노,커피,48,216000
2025-03-24,카페라떼,라떼/기타,26,130000
2025-03-24,바닐라라떼,라떼/기타,10,55000
2025-03-24,콜드브루,커피,17,93500
2025-03-24,카푸치노,라떼/기타,7,35000
2025-03-24,녹차라떼,라떼/기타,9,49500
2025-03-24,초코라떼,라떼/기타,6,33000
2025-03-24,에스프레소,커피,5,17500
2025-03-24,디카페인 아메리카노,커피,2,10000
2025-03-25,아메리카노,커피,57,256500
2025-03-25,카페라떼,라떼/기타,19,95000
2025-03-25,바닐라라떼,라떼/기타,14,77000
2025-03-25,콜드브루,커피,13,71500
2025-03-25,카푸치노,라떼/기타,12,60000
2025-03-25,녹차라떼,라떼/기타,10,55000
2025-03-25,초코라떼,라떼/기타,8,44000
2025-03-25,에스프레소,커피,2,7000
2025-03-25,디카페인 아메리카노,커피,3,15000
2025-03-26,아메리카노,커피,41,184500
2025-03-26,카페라떼,라떼/기타,25,125000
2025-03-26,바닐라라떼,라떼/기타,15,82500
2025-03-26,콜드브루,커피,8,44000
2025-03-26,카푸치노,라떼/기타,9,45000
2025-03-26,녹차라떼,라떼/기타,8,44000
2025-03-26,초코라떼,라떼/기타,6,33000
2025-03-26,에스프레소,커피,5,17500
2025-03-26,디카페인 아메리카노,커피,5,25000
2025-03-27,아메리카노,커피,48,216000
2025-03-27,카페라떼,라떼/기타,32,160000
2025-03-27,바닐라라떼,라떼/기타,25,137500
2025-03-27,콜드브루,커피,12,66000
2025-03-27,카푸치노,라떼/기타,13,65000
2025-03-27,녹차라떼,라떼/기타,10,55000
2025-03-27,초코라떼,라떼/기타,6,33000
2025-03-27,에스프레소,커피,6,21000
2025-03-27,디카페인 아메리카노,커피,3,15000
2025-03-28,아메리카노,커피,73,328500
2025-03-28,카페라떼,라떼/기타,27,135000
2025-03-28,바닐라라떼,라떼/기타,22,121000
2025-03-28,콜드브루,커피,14,77000
2025-03-28,카푸치노,라떼/기타,9,45000
2025-03-28,녹차라떼,라떼/기타,9,49500
2025-03-28,초코라떼,라떼/기타,7,38500
2025-03-28,에스프레소,커피,6,21000
2025-03-28,디카페인 아메리카노,커피,5,25000
2025-03-29,아메리카노,커피,39,175500
2025-03-29,카페라떼,라떼/기타,37,185000
2025-03-29,바닐라라떼,라떼/기타,26,143000
2025-03-29,콜드브루,커피,16,88000
2025-03-29,카푸치노,라떼/기타,14,70000
2025-03-29,녹차라떼,라떼/기타,12,66000
2025-03-29,초코라떼,라떼/기타,7,38500
2025-03-29,에스프레소,커피,6,21000
2025-03-29,디카페인 아메리카노,커피,5,25000
2025-03-30,아메리카노,커피,71,319500
2025-03-30,카페라떼,라떼/기타,37,185000
2025-03-30,바닐라라떼,라떼/기타,19,104500
2025-03-30,콜드브루,커피,15,82500
2025-03-30,카푸치노,라떼/기타,10,50000
2025-03-30,녹차라떼,라떼/기타,13,71500
2025-03-30,초코라떼,라떼/기타,8,44000
2025-03-30,에스프레소,커피,10,35000
2025-03-30,디카페인 아메리카노,커피,5,25000
2025-03-31,아메리카노,커피,59,265500
2025-03-31,카페라떼,라떼/기타,32,160000
2025-03-31,바닐라라떼,라떼/기타,14,77000
2025-03-31,콜드브루,커피,6,33000
2025-03-31,카푸치노,라떼/기타,12,60000
2025-03-31,녹차라떼,라떼/기타,10,55000
2025-03-31,초코라떼,라떼/기타,7,38500
2025-03-31,에스프레소,커피,7,24500
2025-03-31,디카페인 아메리카노,커피,5,25000
2025-04-01,아메리카노,커피,36,162000
2025-04-01,카페라떼,라떼/기타,35,175000
2025-04-01,바닐라라떼,라떼/기타,15,82500
2025-04-01,콜드브루,커피,13,71500
2025-04-01,카푸치노,라떼/기타,7,35000
2025-04-01,녹차라떼,라떼/기타,8,44000
2025-04-01,초코라떼,라떼/기타,6,33000
2025-04-01,에스프레소,커피,7,24500
2025-04-01,디카페인 아메리카노,커피,4,20000
2025-04-02,아메리카노,커피,57,256500
2025-04-02,카페라떼,라떼/기타,22,110000
2025-04-02,바닐라라떼,라떼/기타,14,77000
2025-04-02,콜드브루,커피,19,104500
2025-04-02,카푸치노,라떼/기타,13,65000
2025-04-02,녹차라떼,라떼/기타,11,60500
2025-04-02,초코라떼,라떼/기타,5,27500
2025-04-02,에스프레소,커피,10,35000
2025-04-02,디카페인 아메리카노,커피,4,20000
2025-04-03,아메리카노,커피,61,274500
2025-04-03,카페라떼,라떼/기타,23,115000
2025-04-03,바닐라라떼,라떼/기타,15,82500
2025-04-03,콜드브루,커피,18,99000
2025-04-03,카푸치노,라떼/기타,13,65000
2025-04-03,녹차라떼,라떼/기타,9,49500
2025-04-03,초코라떼,라떼/기타,6,33000
2025-04-03,에스프레소,커피,6,21000
2025-04-03,디카페인 아메리카노,커피,4,20000
2025-04-04,아메리카노,커피,56,252000
2025-04-04,카페라떼,라떼/기타,53,265000
2025-04-04,바닐라라떼,라떼/기타,28,154000
2025-04-04,콜드브루,커피,17,93500
2025-04-04,카푸치노,라떼/기타,14,70000
2025-04-04,녹차라떼,라떼/기타,13,71500
2025-04-04,초코라떼,라떼/기타,8,44000
2025-04-04,에스프레소,커피,10,35000
2025-04-04,디카페인 아메리카노,커피,5,25000
2025-04-05,아메리카노,커피,90,405000
2025-04-05,카페라떼,라떼/기타,27,135000
2025-04-05,바닐라라떼,라떼/기타,28,154000
2025-04-05,콜드브루,커피,31,170500
2025-04-05,카푸치노,라떼/기타,15,75000
2025-04-05,녹차라떼,라떼/기타,11,60500
2025-04-05,초코라떼,라떼/기타,7,38500
2025-04-05,에스프레소,커피,7,24500
2025-04-05,디카페인 아메리카노,커피,4,20000
2025-04-06,아메리카노,커피,76,342000
2025-04-06,카페라떼,라떼/기타,39,195000
2025-04-06,바닐라라떼,라떼/기타,23,126500
2025-04-06,콜드브루,커피,20,110000
2025-04-06,카푸치노,라떼/기타,11,55000
2025-04-06,녹차라떼,라떼/기타,9,49500
2025-04-06,초코라떼,라떼/기타,8,44000
2025-04-06,에스프레소,커피,7,24500
2025-04-06,디카페인 아메리카노,커피,5,25000
2025-04-07,아메리카노,커피,52,234000
2025-04-07,카페라떼,라떼/기타,18,90000
2025-04-07,바닐라라떼,라떼/기타,12,66000
2025-04-07,콜드브루,커피,14,77000
2025-04-07,카푸치노,라떼/기타,8,40000
2025-04-07,녹차라떼,라떼/기타,8,44000
2025-04-07,초코라떼,라떼/기타,8,44000
2025-04-07,에스프레소,커피,4,14000
2025-04-07,디카페인 아메리카노,커피,4,20000
2025-04-08,아메리카노,커피,43,193500
2025-04-08,카페라떼,라떼/기타,31,155000
2025-04-08,바닐라라떼,라떼/기타,19,104500
2025-04-08,콜드브루,커피,16,88000
2025-04-08,카푸치노,라떼/기타,12,60000
2025-04-08,녹차라떼,라떼/기타,7,38500
2025-04-08,초코라떼,라떼/기타,6,33000
2025-04-08,에스프레소,커피,5,17500
2025-04-08,디카페인 아메리카노,커피,3,15000
2025-04-09,아메리카노,커피,55,247500
2025-04-09,카페라떼,라떼/기타,30,150000
2025-04-09,바닐라라떼,라떼/기타,22,121000
2025-04-09,콜드브루,커피,17,93500
2025-04-09,카푸치노,라떼/기타,10,50000
2025-04-09,녹차라떼,라떼/기타,12,66000
2025-04-09,초코라떼,라떼/기타,8,44000
2025-04-09,에스프레소,커피,6,21000
2025-04-09,디카페인 아메리카노,커피,5,25000
2025-04-10,아메리카노,커피,64,288000
2025-04-10,카페라떼,라떼/기타,45,225000
2025-04-10,바닐라라떼,라떼/기타,20,110000
2025-04-10,콜드브루,커피,19,104500
2025-04-10,카푸치노,라떼/기타,14,70000
2025-04-10,녹차라떼,라떼/기타,12,66000
2025-04-10,초코라떼,라떼/기타,8,44000
2025-04-10,에스프레소,커피,8,28000
2025-04-10,디카페인 아메리카노,커피,4,20000
2025-04-11,아메리카노,커피,66,297000
2025-04-11,카페라떼,라떼/기타,35,175000
2025-04-11,바닐라라떼,라떼/기타,22,121000
2025-04-11,콜드브루,커피,22,121000
2025-04-11,카푸치노,라떼/기타,21,105000
2025-04-11,녹차라떼,라떼/기타,13,71500
2025-04-11,초코라떼,라떼/기타,10,55000
2025-04-11,에스프레소,커피,4,14000
2025-04-11,디카페인 아메리카노,커피,6,30000
2025-04-12,아메리카노,커피,85,382500
2025-04-12,카페라떼,라떼/기타,46,230000
2025-04-12,바닐라라떼,라떼/기타,18,99000
2025-04-12,콜드브루,커피,26,143000
2025-04-12,카푸치노,라떼/기타,22,110000
2025-04-12,녹차라떼,라떼/기타,13,71500
2025-04-12,초코라떼,라떼/기타,11,60500
2025-04-12,에스프레소,커피,9,31500
2025-04-12,디카페인 아메리카노,커피,10,50000
2025-04-13,아메리카노,커피,42,189000
2025-04-13,카페라떼,라떼/기타,28,140000
2025-04-13,바닐라라떼,라떼/기타,20,110000
2025-04-13,콜드브루,커피,14,77000
2025-04-13,카푸치노,라떼/기타,11,55000
2025-04-13,녹차라떼,라떼/기타,10,55000
2025-04-13,초코라떼,라떼/기타,8,44000
2025-04-13,에스프레소,커피,8,28000
2025-04-13,디카페인 아메리카노,커피,4,20000
2025-04-14,아메리카노,커피,46,207000
2025-04-14,카페라떼,라떼/기타,18,90000
2025-04-14,바닐라라떼,라떼/기타,16,88000
2025-04-14,콜드브루,커피,12,66000
2025-04-14,카푸치노,라떼/기타,12,60000
2025-04-14,녹차라떼,라떼/기타,6,33000
2025-04-14,초코라떼,라떼/기타,7,38500
2025-04-14,에스프레소,커피,7,24500
2025-04-14,디카페인 아메리카노,커피,6,30000
2025-04-15,아메리카노,커피,48,216000
2025-04-15,카페라떼,라떼/기타,26,130000
2025-04-15,바닐라라떼,라떼/기타,11,60500
2025-04-15,콜드브루,커피,12,66000
2025-04-15,카푸치노,라떼/기타,7,35000
2025-04-15,녹차라떼,라떼/기타,10,55000
2025-04-15,초코라떼,라떼/기타,8,44000
2025-04-15,에스프레소,커피,3,10500
2025-04-15,디카페인 아메리카노,커피,3,15000
2025-04-16,아메리카노,커피,35,157500
2025-04-16,카페라떼,라떼/기타,41,205000
2025-04-16,바닐라라떼,라떼/기타,13,71500
2025-04-16,콜드브루,커피,13,71500
2025-04-16,카푸치노,라떼/기타,8,40000
2025-04-16,녹차라떼,라떼/기타,11,60500
2025-04-16,초코라떼,라떼/기타,6,33000
2025-04-16,에스프레소,커피,5,17500
2025-04-16,디카페인 아메리카노,커피,7,35000
2025-04-17,아메리카노,커피,69,310500
2025-04-17,카페라떼,라떼/기타,27,135000
2025-04-17,바닐라라떼,라떼/기타,12,66000
2025-04-17,콜드브루,커피,17,93500
2025-04-17,카푸치노,라떼/기타,13,65000
2025-04-17,녹차라떼,라떼/기타,11,60500
2025-04-17,초코라떼,라떼/기타,9,49500
2025-04-17,에스프레소,커피,8,28000
2025-04-17,디카페인 아메리카노,커피,6,30000
2025-04-18,아메리카노,커피,83,373500
2025-04-18,카페라떼,라떼/기타,43,215000
2025-04-18,바닐라라떼,라떼/기타,19,104500
2025-04-18,콜드브루,커피,15,82500
2025-04-18,카푸치노,라떼/기타,15,75000
2025-04-18,녹차라떼,라떼/기타,10,55000
2025-04-18,초코라떼,라떼/기타,9,49500
2025-04-18,에스프레소,커피,8,28000
2025-04-18,디카페인 아메리카노,커피,5,25000
2025-04-19,아메리카노,커피,343,1543500
2025-04-19,카페라떼,라떼/기타,138,690000
2025-04-19,바닐라라떼,라떼/기타,88,484000
2025-04-19,콜드브루,커피,83,456500
2025-04-19,카푸치노,라떼/기타,65,325000
2025-04-19,녹차라떼,라떼/기타,36,198000
2025-04-19,초코라떼,라떼/기타,34,187000
2025-04-19,에스프레소,커피,27,94500
2025-04-19,디카페인 아메리카노,커피,22,110000
2025-04-20,아메리카노,커피,51,229500
2025-04-20,카페라떼,라떼/기타,31,155000
2025-04-20,바닐라라떼,라떼/기타,12,66000
2025-04-20,콜드브루,커피,20,110000
2025-04-20,카푸치노,라떼/기타,14,70000
2025-04-20,녹차라떼,라떼/기타,8,44000
2025-04-20,초코라떼,라떼/기타,9,49500
2025-04-20,에스프레소,커피,7,24500
2025-04-20,디카페인 아메리카노,커피,6,30000
2025-04-21,아메리카노,커피,69,310500
2025-04-21,카페라떼,라떼/기타,19,95000
2025-04-21,바닐라라떼,라떼/기타,17,93500
2025-04-21,콜드브루,커피,9,49500
2025-04-21,카푸치노,라떼/기타,10,50000
2025-04-21,녹차라떼,라떼/기타,9,49500
2025-04-21,초코라떼,라떼/기타,5,27500
2025-04-21,에스프레소,커피,7,24500
2025-04-21,디카페인 아메리카노,커피,4,20000
2025-04-22,아메리카노,커피,35,157500
2025-04-22,카페라떼,라떼/기타,17,85000
2025-04-22,바닐라라떼,라떼/기타,11,60500
2025-04-22,콜드브루,커피,16,88000
2025-04-22,카푸치노,라떼/기타,8,40000
2025-04-22,녹차라떼,라떼/기타,6,33000
2025-04-22,초코라떼,라떼/기타,5,27500
2025-04-22,에스프레소,커피,6,21000
2025-04-22,디카페인 아메리카노,커피,3,15000
2025-04-23,아메리카노,커피,44,198000
2025-04-23,카페라떼,라떼/기타,26,130000
2025-04-23,바닐라라떼,라떼/기타,16,88000
2025-04-23,콜드브루,커피,21,115500
2025-04-23,카푸치노,라떼/기타,16,80000
2025-04-23,녹차라떼,라떼/기타,11,60500
2025-04-23,초코라떼,라떼/기타,6,33000
2025-04-23,에스프레소,커피,3,10500
2025-04-23,디카페인 아메리카노,커피,3,15000
2025-04-24,아메리카노,커피,59,265500
2025-04-24,카페라떼,라떼/기타,44,220000
2025-04-24,바닐라라떼,라떼/기타,15,82500
2025-04-24,콜드브루,커피,30,165000
2025-04-24,카푸치노,라떼/기타,13,65000
2025-04-24,녹차라떼,라떼/기타,12,66000
2025-04-24,초코라떼,라떼/기타,14,77000
2025-04-24,에스프레소,커피,5,17500
2025-04-24,디카페인 아메리카노,커피,3,15000
2025-04-25,아메리카노,커피,65,292500
2025-04-25,카페라떼,라떼/기타,38,190000
2025-04-25,바닐라라떼,라떼/기타,29,159500
2025-04-25,콜드브루,커피,20,110000
2025-04-25,카푸치노,라떼/기타,17,85000
2025-04-25,녹차라떼,라떼/기타,14,77000
2025-04-25,초코라떼,라떼/기타,11,60500
2025-04-25,에스프레소,커피,10,35000
2025-04-25,디카페인 아메리카노,커피,5,25000
2025-04-26,아메리카노,커피,74,333000
2025-04-26,카페라떼,라떼/기타,35,175000
2025-04-26,바닐라라떼,라떼/기타,20,110000
2025-04-26,콜드브루,커피,15,82500
2025-04-26,카푸치노,라떼/기타,15,75000
2025-04-26,녹차라떼,라떼/기타,12,66000
2025-04-26,초코라떼,라떼/기타,9,49500
2025-04-26,에스프레소,커피,7,24500
2025-04-26,디카페인 아메리카노,커피,5,25000
2025-04-27,아메리카노,커피,71,319500
2025-04-27,카페라떼,라떼/기타,40,200000
2025-04-27,바닐라라떼,라떼/기타,28,154000
2025-04-27,콜드브루,커피,20,110000
2025-04-27,카푸치노,라떼/기타,13,65000
2025-04-27,녹차라떼,라떼/기타,8,44000
2025-04-27,초코라떼,라떼/기타,9,49500
2025-04-27,에스프레소,커피,11,38500
2025-04-27,디카페인 아메리카노,커피,6,30000
2025-04-28,아메리카노,커피,39,175500
2025-04-28,카페라떼,라떼/기타,25,125000
2025-04-28,바닐라라떼,라떼/기타,15,82500
2025-04-28,콜드브루,커피,12,66000
2025-04-28,카푸치노,라떼/기타,10,50000
2025-04-28,녹차라떼,라떼/기타,10,55000
2025-04-28,초코라떼,라떼/기타,6,33000
2025-04-28,에스프레소,커피,7,24500
2025-04-28,디카페인 아메리카노,커피,5,25000
2025-04-29,아메리카노,커피,74,333000
2025-04-29,카페라떼,라떼/기타,33,165000
2025-04-29,바닐라라떼,라떼/기타,13,71500
2025-04-29,콜드브루,커피,17,93500
2025-04-29,카푸치노,라떼/기타,13,65000
2025-04-29,녹차라떼,라떼/기타,10,55000
2025-04-29,초코라떼,라떼/기타,9,49500
2025-04-29,에스프레소,커피,7,24500
2025-04-29,디카페인 아메리카노,커피,4,20000
2025-04-30,아메리카노,커피,78,351000
2025-04-30,카페라떼,라떼/기타,48,240000
2025-04-30,바닐라라떼,라떼/기타,21,115500
2025-04-30,콜드브루,커피,20,110000
2025-04-30,카푸치노,라떼/기타,9,45000
2025-04-30,녹차라떼,라떼/기타,8,44000
2025-04-30,초코라떼,라떼/기타,8,44000
2025-04-30,에스프레소,커피,8,28000
2025-04-30,디카페인 아메리카노,커피,5,25000
2025-05-01,아메리카노,커피,73,328500
2025-05-01,카페라떼,라떼/기타,36,180000
2025-05-01,바닐라라떼,라떼/기타,24,132000
2025-05-01,콜드브루,커피,24,132000
2025-05-01,카푸치노,라떼/기타,14,70000
2025-05-01,녹차라떼,라떼/기타,11,60500
2025-05-01,초코라떼,라떼/기타,10,55000
2025-05-01,에스프레소,커피,11,38500
2025-05-01,디카페인 아메리카노,커피,4,20000
2025-05-02,아메리카노,커피,75,337500
2025-05-02,카페라떼,라떼/기타,48,240000
2025-05-02,바닐라라떼,라떼/기타,28,154000
2025-05-02,콜드브루,커피,18,99000
2025-05-02,카푸치노,라떼/기타,20,100000
2025-05-02,녹차라떼,라떼/기타,15,82500
2025-05-02,초코라떼,라떼/기타,10,55000
2025-05-02,에스프레소,커피,8,28000
2025-05-02,디카페인 아메리카노,커피,6,30000
2025-05-03,아메리카노,커피,96,432000
2025-05-03,카페라떼,라떼/기타,42,210000
2025-05-03,바닐라라떼,라떼/기타,32,176000
2025-05-03,콜드브루,커피,33,181500
2025-05-03,카푸치노,라떼/기타,15,75000
2025-05-03,녹차라떼,라떼/기타,21,115500
2025-05-03,초코라떼,라떼/기타,8,44000
2025-05-03,에스프레소,커피,10,35000
2025-05-03,디카페인 아메리카노,커피,7,35000
2025-05-04,아메리카노,커피,50,225000
2025-05-04,카페라떼,라떼/기타,30,150000
2025-05-04,바닐라라떼,라떼/기타,20,110000
2025-05-04,콜드브루,커피,15,82500
2025-05-04,카푸치노,라떼/기타,8,40000
2025-05-04,녹차라떼,라떼/기타,11,60500
2025-05-04,초코라떼,라떼/기타,5,27500
2025-05-04,에스프레소,커피,7,24500
2025-05-04,디카페인 아메리카노,커피,6,30000
2025-05-05,아메리카노,커피,90,405000
2025-05-05,카페라떼,라떼/기타,41,205000
2025-05-05,바닐라라떼,라떼/기타,22,121000
2025-05-05,콜드브루,커피,11,60500
2025-05-05,카푸치노,라떼/기타,11,55000
2025-05-05,녹차라떼,라떼/기타,12,66000
2025-05-05,초코라떼,라떼/기타,10,55000
2025-05-05,에스프레소,커피,6,21000
2025-05-05,디카페인 아메리카노,커피,5,25000
2025-05-06,아메리카노,커피,89,400500
2025-05-06,카페라떼,라떼/기타,35,175000
2025-05-06,바닐라라떼,라떼/기타,16,88000
2025-05-06,콜드브루,커피,30,165000
2025-05-06,카푸치노,라떼/기타,14,70000
2025-05-06,녹차라떼,라떼/기타,16,88000
2025-05-06,초코라떼,라떼/기타,11,60500
2025-05-06,에스프레소,커피,5,17500
2025-05-06,디카페인 아메리카노,커피,9,45000
2025-05-07,아메리카노,커피,52,234000
2025-05-07,카페라떼,라떼/기타,35,175000
2025-05-07,바닐라라떼,라떼/기타,16,88000
2025-05-07,콜드브루,커피,16,88000
2025-05-07,카푸치노,라떼/기타,14,70000
2025-05-07,녹차라떼,라떼/기타,12,66000
2025-05-07,초코라떼,라떼/기타,7,38500
2025-05-07,에스프레소,커피,9,31500
2025-05-07,디카페인 아메리카노,커피,4,20000
2025-05-08,아메리카노,커피,101,454500
2025-05-08,카페라떼,라떼/기타,45,225000
2025-05-08,바닐라라떼,라떼/기타,20,110000
2025-05-08,콜드브루,커피,21,115500
2025-05-08,카푸치노,라떼/기타,14,70000
2025-05-08,녹차라떼,라떼/기타,11,60500
2025-05-08,초코라떼,라떼/기타,7,38500
2025-05-08,에스프레소,커피,8,28000
2025-05-08,디카페인 아메리카노,커피,6,30000
2025-05-09,아메리카노,커피,41,184500
2025-05-09,카페라떼,라떼/기타,31,155000
2025-05-09,바닐라라떼,라떼/기타,22,121000
2025-05-09,콜드브루,커피,22,121000
2025-05-09,카푸치노,라떼/기타,10,50000
2025-05-09,녹차라떼,라떼/기타,10,55000
2025-05-09,초코라떼,라떼/기타,11,60500
2025-05-09,에스프레소,커피,9,31500
2025-05-09,디카페인 아메리카노,커피,5,25000
2025-05-10,아메리카노,커피,57,256500
2025-05-10,카페라떼,라떼/기타,43,215000
2025-05-10,바닐라라떼,라떼/기타,25,137500
2025-05-10,콜드브루,커피,20,110000
2025-05-10,카푸치노,라떼/기타,11,55000
2025-05-10,녹차라떼,라떼/기타,8,44000
2025-05-10,초코라떼,라떼/기타,11,60500
2025-05-10,에스프레소,커피,6,21000
2025-05-10,디카페인 아메리카노,커피,5,25000
2025-05-11,아메리카노,커피,66,297000
2025-05-11,카페라떼,라떼/기타,46,230000
2025-05-11,바닐라라떼,라떼/기타,17,93500
2025-05-11,콜드브루,커피,21,115500
2025-05-11,카푸치노,라떼/기타,16,80000
2025-05-11,녹차라떼,라떼/기타,15,82500
2025-05-11,초코라떼,라떼/기타,11,60500
2025-05-11,에스프레소,커피,10,35000
2025-05-11,디카페인 아메리카노,커피,5,25000
2025-05-12,아메리카노,커피,32,144000
2025-05-12,카페라떼,라떼/기타,25,125000
2025-05-12,바닐라라떼,라떼/기타,18,99000
2025-05-12,콜드브루,커피,15,82500
2025-05-12,카푸치노,라떼/기타,14,70000
2025-05-12,녹차라떼,라떼/기타,11,60500
2025-05-12,초코라떼,라떼/기타,7,38500
2025-05-12,에스프레소,커피,5,17500
2025-05-12,디카페인 아메리카노,커피,5,25000
2025-05-13,아메리카노,커피,57,256500
2025-05-13,카페라떼,라떼/기타,16,80000
2025-05-13,바닐라라떼,라떼/기타,17,93500
2025-05-13,콜드브루,커피,5,27500
2025-05-13,카푸치노,라떼/기타,15,75000
2025-05-13,녹차라떼,라떼/기타,12,66000
2025-05-13,초코라떼,라떼/기타,8,44000
2025-05-13,에스프레소,커피,6,21000
2025-05-13,디카페인 아메리카노,커피,4,20000
2025-05-14,아메리카노,커피,75,337500
2025-05-14,카페라떼,라떼/기타,26,130000
2025-05-14,바닐라라떼,라떼/기타,22,121000
2025-05-14,콜드브루,커피,22,121000
2025-05-14,카푸치노,라떼/기타,10,50000
2025-05-14,녹차라떼,라떼/기타,9,49500
2025-05-14,초코라떼,라떼/기타,8,44000
2025-05-14,에스프레소,커피,7,24500
2025-05-14,디카페인 아메리카노,커피,5,25000
2025-05-15,아메리카노,커피,72,324000
2025-05-15,카페라떼,라떼/기타,43,215000
2025-05-15,바닐라라떼,라떼/기타,18,99000
2025-05-15,콜드브루,커피,21,115500
2025-05-15,카푸치노,라떼/기타,13,65000
2025-05-15,녹차라떼,라떼/기타,12,66000
2025-05-15,초코라떼,라떼/기타,10,55000
2025-05-15,에스프레소,커피,8,28000
2025-05-15,디카페인 아메리카노,커피,6,30000
2025-05-16,아메리카노,커피,72,324000
2025-05-16,카페라떼,라떼/기타,32,160000
2025-05-16,바닐라라떼,라떼/기타,36,198000
2025-05-16,콜드브루,커피,27,148500
2025-05-16,카푸치노,라떼/기타,15,75000
2025-05-16,녹차라떼,라떼/기타,15,82500
2025-05-16,초코라떼,라떼/기타,10,55000
2025-05-16,에스프레소,커피,10,35000
2025-05-16,디카페인 아메리카노,커피,5,25000
2025-05-17,아메리카노,커피,121,544500
2025-05-17,카페라떼,라떼/기타,67,335000
2025-05-17,바닐라라떼,라떼/기타,37,203500
2025-05-17,콜드브루,커피,28,154000
2025-05-17,카푸치노,라떼/기타,26,130000
2025-05-17,녹차라떼,라떼/기타,15,82500
2025-05-17,초코라떼,라떼/기타,14,77000
2025-05-17,에스프레소,커피,11,38500
2025-05-17,디카페인 아메리카노,커피,7,35000
2025-05-18,아메리카노,커피,67,301500
2025-05-18,카페라떼,라떼/기타,26,130000
2025-05-18,바닐라라떼,라떼/기타,21,115500
2025-05-18,콜드브루,커피,22,121000
2025-05-18,카푸치노,라떼/기타,15,75000
2025-05-18,녹차라떼,라떼/기타,10,55000
2025-05-18,초코라떼,라떼/기타,8,44000
2025-05-18,에스프레소,커피,9,31500
2025-05-18,디카페인 아메리카노,커피,3,15000
2025-05-19,아메리카노,커피,69,310500
2025-05-19,카페라떼,라떼/기타,29,145000
2025-05-19,바닐라라떼,라떼/기타,21,115500
2025-05-19,콜드브루,커피,15,82500
2025-05-19,카푸치노,라떼/기타,12,60000
2025-05-19,녹차라떼,라떼/기타,7,38500
2025-05-19,초코라떼,라떼/기타,8,44000
2025-05-19,에스프레소,커피,7,24500
2025-05-19,디카페인 아메리카노,커피,4,20000
2025-05-20,아메리카노,커피,56,252000
2025-05-20,카페라떼,라떼/기타,42,210000
2025-05-20,바닐라라떼,라떼/기타,10,55000
2025-05-20,콜드브루,커피,17,93500
2025-05-20,카푸치노,라떼/기타,12,60000
2025-05-20,녹차라떼,라떼/기타,10,55000
2025-05-20,초코라떼,라떼/기타,8,44000
2025-05-20,에스프레소,커피,6,21000
2025-05-20,디카페인 아메리카노,커피,4,20000
2025-05-21,아메리카노,커피,47,211500
2025-05-21,카페라떼,라떼/기타,31,155000
2025-05-21,바닐라라떼,라떼/기타,17,93500
2025-05-21,콜드브루,커피,17,93500
2025-05-21,카푸치노,라떼/기타,8,40000
2025-05-21,녹차라떼,라떼/기타,13,71500
2025-05-21,초코라떼,라떼/기타,9,49500
2025-05-21,에스프레소,커피,5,17500
2025-05-21,디카페인 아메리카노,커피,5,25000
2025-05-22,아메리카노,커피,67,301500
2025-05-22,카페라떼,라떼/기타,53,265000
2025-05-22,바닐라라떼,라떼/기타,15,82500
2025-05-22,콜드브루,커피,21,115500
2025-05-22,카푸치노,라떼/기타,20,100000
2025-05-22,녹차라떼,라떼/기타,10,55000
2025-05-22,초코라떼,라떼/기타,4,22000
2025-05-22,에스프레소,커피,5,17500
2025-05-22,디카페인 아메리카노,커피,5,25000
2025-05-23,아메리카노,커피,95,427500
2025-05-23,카페라떼,라떼/기타,49,245000
2025-05-23,바닐라라떼,라떼/기타,27,148500
2025-05-23,콜드브루,커피,32,176000
2025-05-23,카푸치노,라떼/기타,19,95000
2025-05-23,녹차라떼,라떼/기타,13,71500
2025-05-23,초코라떼,라떼/기타,13,71500
2025-05-23,에스프레소,커피,9,31500
2025-05-23,디카페인 아메리카노,커피,7,35000
2025-05-24,아메리카노,커피,107,481500
2025-05-24,카페라떼,라떼/기타,72,360000
2025-05-24,바닐라라떼,라떼/기타,27,148500
2025-05-24,콜드브루,커피,42,231000
2025-05-24,카푸치노,라떼/기타,20,100000
2025-05-24,녹차라떼,라떼/기타,14,77000
2025-05-24,초코라떼,라떼/기타,14,77000
2025-05-24,에스프레소,커피,5,17500
2025-05-24,디카페인 아메리카노,커피,10,50000
2025-05-25,아메리카노,커피,66,297000
2025-05-25,카페라떼,라떼/기타,35,175000
2025-05-25,바닐라라떼,라떼/기타,21,115500
2025-05-25,콜드브루,커피,25,137500
2025-05-25,카푸치노,라떼/기타,18,90000
2025-05-25,녹차라떼,라떼/기타,17,93500
2025-05-25,초코라떼,라떼/기타,9,49500
2025-05-25,에스프레소,커피,8,28000
2025-05-25,디카페인 아메리카노,커피,7,35000
2025-05-26,아메리카노,커피,37,166500
2025-05-26,카페라떼,라떼/기타,24,120000
2025-05-26,바닐라라떼,라떼/기타,17,93500
2025-05-26,콜드브루,커피,14,77000
2025-05-26,카푸치노,라떼/기타,8,40000
2025-05-26,녹차라떼,라떼/기타,8,44000
2025-05-26,초코라떼,라떼/기타,6,33000
2025-05-26,에스프레소,커피,6,21000
2025-05-26,디카페인 아메리카노,커피,4,20000
2025-05-27,아메리카노,커피,67,301500
2025-05-27,카페라떼,라떼/기타,41,205000
2025-05-27,바닐라라떼,라떼/기타,16,88000
2025-05-27,콜드브루,커피,29,159500
2025-05-27,카푸치노,라떼/기타,7,35000
2025-05-27,녹차라떼,라떼/기타,10,55000
2025-05-27,초코라떼,라떼/기타,11,60500
2025-05-27,에스프레소,커피,5,17500
2025-05-27,디카페인 아메리카노,커피,6,30000
2025-05-28,아메리카노,커피,53,238500
2025-05-28,카페라떼,라떼/기타,55,275000
2025-05-28,바닐라라떼,라떼/기타,25,137500
2025-05-28,콜드브루,커피,25,137500
2025-05-28,카푸치노,라떼/기타,16,80000
2025-05-28,녹차라떼,라떼/기타,14,77000
2025-05-28,초코라떼,라떼/기타,9,49500
2025-05-28,에스프레소,커피,6,21000
2025-05-28,디카페인 아메리카노,커피,8,40000
2025-05-29,아메리카노,커피,73,328500
2025-05-29,카페라떼,라떼/기타,30,150000
2025-05-29,바닐라라떼,라떼/기타,24,132000
2025-05-29,콜드브루,커피,21,115500
2025-05-29,카푸치노,라떼/기타,15,75000
2025-05-29,녹차라떼,라떼/기타,9,49500
2025-05-29,초코라떼,라떼/기타,12,66000
2025-05-29,에스프레소,커피,8,28000
2025-05-29,디카페인 아메리카노,커피,9,45000
2025-05-30,아메리카노,커피,81,364500
2025-05-30,카페라떼,라떼/기타,43,215000
2025-05-30,바닐라라떼,라떼/기타,29,159500
2025-05-30,콜드브루,커피,13,71500
2025-05-30,카푸치노,라떼/기타,20,100000
2025-05-30,녹차라떼,라떼/기타,13,71500
2025-05-30,초코라떼,라떼/기타,10,55000
2025-05-30,에스프레소,커피,10,35000
2025-05-30,디카페인 아메리카노,커피,5,25000
2025-05-31,아메리카노,커피,53,238500
2025-05-31,카페라떼,라떼/기타,33,165000
2025-05-31,바닐라라떼,라떼/기타,26,143000
2025-05-31,콜드브루,커피,37,203500
2025-05-31,카푸치노,라떼/기타,11,55000
2025-05-31,녹차라떼,라떼/기타,20,110000
2025-05-31,초코라떼,라떼/기타,10,55000
2025-05-31,에스프레소,커피,9,31500
2025-05-31,디카페인 아메리카노,커피,6,30000
2025-06-01,아메리카노,커피,82,369000
2025-06-01,카페라떼,라떼/기타,38,190000
2025-06-01,바닐라라떼,라떼/기타,19,104500
2025-06-01,콜드브루,커피,38,209000
2025-06-01,카푸치노,라떼/기타,9,45000
2025-06-01,녹차라떼,라떼/기타,9,49500
2025-06-01,초코라떼,라떼/기타,9,49500
2025-06-01,에스프레소,커피,6,21000
2025-06-01,디카페인 아메리카노,커피,7,35000
2025-06-02,아메리카노,커피,52,234000
2025-06-02,카페라떼,라떼/기타,42,210000
2025-06-02,바닐라라떼,라떼/기타,16,88000
2025-06-02,콜드브루,커피,22,121000
2025-06-02,카푸치노,라떼/기타,7,35000
2025-06-02,녹차라떼,라떼/기타,7,38500
2025-06-02,초코라떼,라떼/기타,8,44000
2025-06-02,에스프레소,커피,8,28000
2025-06-02,디카페인 아메리카노,커피,4,20000
2025-06-03,아메리카노,커피,90,405000
2025-06-03,카페라떼,라떼/기타,36,180000
2025-06-03,바닐라라떼,라떼/기타,24,132000
2025-06-03,콜드브루,커피,27,148500
2025-06-03,카푸치노,라떼/기타,9,45000
2025-06-03,녹차라떼,라떼/기타,14,77000
2025-06-03,초코라떼,라떼/기타,12,66000
2025-06-03,에스프레소,커피,6,21000
2025-06-03,디카페인 아메리카노,커피,7,35000
2025-06-04,아메리카노,커피,74,333000
2025-06-04,카페라떼,라떼/기타,45,225000
2025-06-04,바닐라라떼,라떼/기타,20,110000
2025-06-04,콜드브루,커피,21,115500
2025-06-04,카푸치노,라떼/기타,13,65000
2025-06-04,녹차라떼,라떼/기타,15,82500
2025-06-04,초코라떼,라떼/기타,11,60500
2025-06-04,에스프레소,커피,7,24500
2025-06-04,디카페인 아메리카노,커피,5,25000
2025-06-05,아메리카노,커피,66,297000
2025-06-05,카페라떼,라떼/기타,58,290000
2025-06-05,바닐라라떼,라떼/기타,22,121000
2025-06-05,콜드브루,커피,21,115500
2025-06-05,카푸치노,라떼/기타,12,60000
2025-06-05,녹차라떼,라떼/기타,13,71500
2025-06-05,초코라떼,라떼/기타,14,77000
2025-06-05,에스프레소,커피,7,24500
2025-06-05,디카페인 아메리카노,커피,5,25000
2025-06-06,아메리카노,커피,83,373500
2025-06-06,카페라떼,라떼/기타,38,190000
2025-06-06,바닐라라떼,라떼/기타,34,187000
2025-06-06,콜드브루,커피,29,159500
2025-06-06,카푸치노,라떼/기타,29,145000
2025-06-06,녹차라떼,라떼/기타,19,104500
2025-06-06,초코라떼,라떼/기타,18,99000
2025-06-06,에스프레소,커피,14,49000
2025-06-06,디카페인 아메리카노,커피,8,40000
2025-06-07,아메리카노,커피,107,481500
2025-06-07,카페라떼,라떼/기타,51,255000
2025-06-07,바닐라라떼,라떼/기타,22,121000
2025-06-07,콜드브루,커피,27,148500
2025-06-07,카푸치노,라떼/기타,16,80000
2025-06-07,녹차라떼,라떼/기타,13,71500
2025-06-07,초코라떼,라떼/기타,18,99000
2025-06-07,에스프레소,커피,12,42000
2025-06-07,디카페인 아메리카노,커피,7,35000
2025-06-08,아메리카노,커피,65,292500
2025-06-08,카페라떼,라떼/기타,64,320000
2025-06-08,바닐라라떼,라떼/기타,23,126500
2025-06-08,콜드브루,커피,32,176000
2025-06-08,카푸치노,라떼/기타,11,55000
2025-06-08,녹차라떼,라떼/기타,11,60500
2025-06-08,초코라떼,라떼/기타,13,71500
2025-06-08,에스프레소,커피,12,42000
2025-06-08,디카페인 아메리카노,커피,5,25000
2025-06-09,아메리카노,커피,56,252000
2025-06-09,카페라떼,라떼/기타,31,155000
2025-06-09,바닐라라떼,라떼/기타,8,44000
2025-06-09,콜드브루,커피,15,82500
2025-06-09,카푸치노,라떼/기타,7,35000
2025-06-09,녹차라떼,라떼/기타,5,27500
2025-06-09,초코라떼,라떼/기타,6,33000
2025-06-09,에스프레소,커피,5,17500
2025-06-09,디카페인 아메리카노,커피,4,20000
2025-06-10,아메리카노,커피,65,292500
2025-06-10,카페라떼,라떼/기타,57,285000
2025-06-10,바닐라라떼,라떼/기타,29,159500
2025-06-10,콜드브루,커피,17,93500
2025-06-10,카푸치노,라떼/기타,9,45000
2025-06-10,녹차라떼,라떼/기타,14,77000
2025-06-10,초코라떼,라떼/기타,15,82500
2025-06-10,에스프레소,커피,10,35000
2025-06-10,디카페인 아메리카노,커피,6,30000
2025-06-11,아메리카노,커피,66,297000
2025-06-11,카페라떼,라떼/기타,39,195000
2025-06-11,바닐라라떼,라떼/기타,24,132000
2025-06-11,콜드브루,커피,14,77000
2025-06-11,카푸치노,라떼/기타,10,50000
2025-06-11,녹차라떼,라떼/기타,13,71500
2025-06-11,초코라떼,라떼/기타,8,44000
2025-06-11,에스프레소,커피,5,17500
2025-06-11,디카페인 아메리카노,커피,4,20000
2025-06-12,아메리카노,커피,51,229500
2025-06-12,카페라떼,라떼/기타,42,210000
2025-06-12,바닐라라떼,라떼/기타,25,137500
2025-06-12,콜드브루,커피,18,99000
2025-06-12,카푸치노,라떼/기타,10,50000
2025-06-12,녹차라떼,라떼/기타,11,60500
2025-06-12,초코라떼,라떼/기타,10,55000
2025-06-12,에스프레소,커피,7,24500
2025-06-12,디카페인 아메리카노,커피,5,25000
2025-06-13,아메리카노,커피,61,274500
2025-06-13,카페라떼,라떼/기타,61,305000
2025-06-13,바닐라라떼,라떼/기타,25,137500
2025-06-13,콜드브루,커피,27,148500
2025-06-13,카푸치노,라떼/기타,21,105000
2025-06-13,녹차라떼,라떼/기타,20,110000
2025-06-13,초코라떼,라떼/기타,16,88000
2025-06-13,에스프레소,커피,8,28000
2025-06-13,디카페인 아메리카노,커피,9,45000
2025-06-14,아메리카노,커피,122,549000
2025-06-14,카페라떼,라떼/기타,54,270000
2025-06-14,바닐라라떼,라떼/기타,30,165000
2025-06-14,콜드브루,커피,32,176000
2025-06-14,카푸치노,라떼/기타,24,120000
2025-06-14,녹차라떼,라떼/기타,16,88000
2025-06-14,초코라떼,라떼/기타,12,66000
2025-06-14,에스프레소,커피,15,52500
2025-06-14,디카페인 아메리카노,커피,7,35000
2025-06-15,아메리카노,커피,88,396000
2025-06-15,카페라떼,라떼/기타,50,250000
2025-06-15,바닐라라떼,라떼/기타,18,99000
2025-06-15,콜드브루,커피,16,88000
2025-06-15,카푸치노,라떼/기타,8,40000
2025-06-15,녹차라떼,라떼/기타,8,44000
2025-06-15,초코라떼,라떼/기타,10,55000
2025-06-15,에스프레소,커피,12,42000
2025-06-15,디카페인 아메리카노,커피,6,30000
2025-06-16,아메리카노,커피,64,288000
2025-06-16,카페라떼,라떼/기타,32,160000
2025-06-16,바닐라라떼,라떼/기타,13,71500
2025-06-16,콜드브루,커피,20,110000
2025-06-16,카푸치노,라떼/기타,8,40000
2025-06-16,녹차라떼,라떼/기타,10,55000
2025-06-16,초코라떼,라떼/기타,8,44000
2025-06-16,에스프레소,커피,5,17500
2025-06-16,디카페인 아메리카노,커피,4,20000
2025-06-17,아메리카노,커피,64,288000
2025-06-17,카페라떼,라떼/기타,30,150000
2025-06-17,바닐라라떼,라떼/기타,22,121000
2025-06-17,콜드브루,커피,19,104500
2025-06-17,카푸치노,라떼/기타,9,45000
2025-06-17,녹차라떼,라떼/기타,14,77000
2025-06-17,초코라떼,라떼/기타,11,60500
2025-06-17,에스프레소,커피,7,24500
2025-06-17,디카페인 아메리카노,커피,6,30000
2025-06-18,아메리카노,커피,64,288000
2025-06-18,카페라떼,라떼/기타,21,105000
2025-06-18,바닐라라떼,라떼/기타,23,126500
2025-06-18,콜드브루,커피,11,60500
2025-06-18,카푸치노,라떼/기타,14,70000
2025-06-18,녹차라떼,라떼/기타,5,27500
2025-06-18,초코라떼,라떼/기타,8,44000
2025-06-18,에스프레소,커피,6,21000
2025-06-18,디카페인 아메리카노,커피,3,15000
2025-06-19,아메리카노,커피,61,274500
2025-06-19,카페라떼,라떼/기타,27,135000
2025-06-19,바닐라라떼,라떼/기타,22,121000
2025-06-19,콜드브루,커피,44,242000
2025-06-19,카푸치노,라떼/기타,11,55000
2025-06-19,녹차라떼,라떼/기타,15,82500
2025-06-19,초코라떼,라떼/기타,12,66000
2025-06-19,에스프레소,커피,11,38500
2025-06-19,디카페인 아메리카노,커피,8,40000
2025-06-20,아메리카노,커피,52,234000
2025-06-20,카페라떼,라떼/기타,57,285000
2025-06-20,바닐라라떼,라떼/기타,31,170500
2025-06-20,콜드브루,커피,62,341000
2025-06-20,카푸치노,라떼/기타,9,45000
2025-06-20,녹차라떼,라떼/기타,13,71500
2025-06-20,초코라떼,라떼/기타,14,77000
2025-06-20,에스프레소,커피,12,42000
2025-06-20,디카페인 아메리카노,커피,6,30000
2025-06-21,아메리카노,커피,104,468000
2025-06-21,카페라떼,라떼/기타,32,160000
2025-06-21,바닐라라떼,라떼/기타,20,110000
2025-06-21,콜드브루,커피,28,154000
2025-06-21,카푸치노,라떼/기타,19,95000
2025-06-21,녹차라떼,라떼/기타,16,88000
2025-06-21,초코라떼,라떼/기타,13,71500
2025-06-21,에스프레소,커피,10,35000
2025-06-21,디카페인 아메리카노,커피,7,35000
2025-06-22,아메리카노,커피,67,301500
2025-06-22,카페라떼,라떼/기타,46,230000
2025-06-22,바닐라라떼,라떼/기타,21,115500
2025-06-22,콜드브루,커피,17,93500
2025-06-22,카푸치노,라떼/기타,17,85000
2025-06-22,녹차라떼,라떼/기타,14,77000
2025-06-22,초코라떼,라떼/기타,15,82500
2025-06-22,에스프레소,커피,6,21000
2025-06-22,디카페인 아메리카노,커피,6,30000
2025-06-23,아메리카노,커피,62,279000
2025-06-23,카페라떼,라떼/기타,37,185000
2025-06-23,바닐라라떼,라떼/기타,18,99000
2025-06-23,콜드브루,커피,35,192500
2025-06-23,카푸치노,라떼/기타,10,50000
2025-06-23,녹차라떼,라떼/기타,7,38500
2025-06-23,초코라떼,라떼/기타,10,55000
2025-06-23,에스프레소,커피,6,21000
2025-06-23,디카페인 아메리카노,커피,5,25000
2025-06-24,아메리카노,커피,39,175500
2025-06-24,카페라떼,라떼/기타,18,90000
2025-06-24,바닐라라떼,라떼/기타,18,99000
2025-06-24,콜드브루,커피,20,110000
2025-06-24,카푸치노,라떼/기타,8,40000
2025-06-24,녹차라떼,라떼/기타,9,49500
2025-06-24,초코라떼,라떼/기타,5,27500
2025-06-24,에스프레소,커피,4,14000
2025-06-24,디카페인 아메리카노,커피,5,25000
2025-06-25,아메리카노,커피,35,157500
2025-06-25,카페라떼,라떼/기타,37,185000
2025-06-25,바닐라라떼,라떼/기타,15,82500
2025-06-25,콜드브루,커피,21,115500
2025-06-25,카푸치노,라떼/기타,16,80000
2025-06-25,녹차라떼,라떼/기타,7,38500
2025-06-25,초코라떼,라떼/기타,8,44000
2025-06-25,에스프레소,커피,8,28000
2025-06-25,디카페인 아메리카노,커피,2,10000
2025-06-26,아메리카노,커피,61,274500
2025-06-26,카페라떼,라떼/기타,64,320000
2025-06-26,바닐라라떼,라떼/기타,34,187000
2025-06-26,콜드브루,커피,16,88000
2025-06-26,카푸치노,라떼/기타,19,95000
2025-06-26,녹차라떼,라떼/기타,10,55000
2025-06-26,초코라떼,라떼/기타,13,71500
2025-06-26,에스프레소,커피,8,28000
2025-06-26,디카페인 아메리카노,커피,3,15000
2025-06-27,아메리카노,커피,91,409500
2025-06-27,카페라떼,라떼/기타,55,275000
2025-06-27,바닐라라떼,라떼/기타,31,170500
2025-06-27,콜드브루,커피,48,264000
2025-06-27,카푸치노,라떼/기타,10,50000
2025-06-27,녹차라떼,라떼/기타,14,77000
2025-06-27,초코라떼,라떼/기타,15,82500
2025-06-27,에스프레소,커피,9,31500
2025-06-27,디카페인 아메리카노,커피,7,35000
2025-06-28,아메리카노,커피,125,562500
2025-06-28,카페라떼,라떼/기타,66,330000
2025-06-28,바닐라라떼,라떼/기타,56,308000
2025-06-28,콜드브루,커피,29,159500
2025-06-28,카푸치노,라떼/기타,17,85000
2025-06-28,녹차라떼,라떼/기타,20,110000
2025-06-28,초코라떼,라떼/기타,16,88000
2025-06-28,에스프레소,커피,15,52500
2025-06-28,디카페인 아메리카노,커피,13,65000
2025-06-29,아메리카노,커피,76,342000
2025-06-29,카페라떼,라떼/기타,37,185000
2025-06-29,바닐라라떼,라떼/기타,24,132000
2025-06-29,콜드브루,커피,46,253000
2025-06-29,카푸치노,라떼/기타,13,65000
2025-06-29,녹차라떼,라떼/기타,17,93500
2025-06-29,초코라떼,라떼/기타,9,49500
2025-06-29,에스프레소,커피,8,28000
2025-06-29,디카페인 아메리카노,커피,7,35000
2025-06-30,아메리카노,커피,36,162000
2025-06-30,카페라떼,라떼/기타,31,155000
2025-06-30,바닐라라떼,라떼/기타,14,77000
2025-06-30,콜드브루,커피,39,214500
2025-06-30,카푸치노,라떼/기타,9,45000
2025-06-30,녹차라떼,라떼/기타,8,44000
2025-06-30,초코라떼,라떼/기타,11,60500
2025-06-30,에스프레소,커피,6,21000
2025-06-30,디카페인 아메리카노,커피,5,25000
2025-07-01,아메리카노,커피,42,189000
2025-07-01,카페라떼,라떼/기타,41,205000
2025-07-01,바닐라라떼,라떼/기타,22,121000
2025-07-01,콜드브루,커피,37,203500
2025-07-01,카푸치노,라떼/기타,7,35000
2025-07-01,녹차라떼,라떼/기타,9,49500
2025-07-01,초코라떼,라떼/기타,7,38500
2025-07-01,에스프레소,커피,9,31500
2025-07-01,디카페인 아메리카노,커피,4,20000
2025-07-02,아메리카노,커피,79,355500
2025-07-02,카페라떼,라떼/기타,47,235000
2025-07-02,바닐라라떼,라떼/기타,16,88000
2025-07-02,콜드브루,커피,28,154000
2025-07-02,카푸치노,라떼/기타,12,60000
2025-07-02,녹차라떼,라떼/기타,8,44000
2025-07-02,초코라떼,라떼/기타,10,55000
2025-07-02,에스프레소,커피,9,31500
2025-07-02,디카페인 아메리카노,커피,8,40000
2025-07-03,아메리카노,커피,84,378000
2025-07-03,카페라떼,라떼/기타,38,190000
2025-07-03,바닐라라떼,라떼/기타,24,132000
2025-07-03,콜드브루,커피,37,203500
2025-07-03,카푸치노,라떼/기타,6,30000
2025-07-03,녹차라떼,라떼/기타,15,82500
2025-07-03,초코라떼,라떼/기타,12,66000
2025-07-03,에스프레소,커피,6,21000
2025-07-03,디카페인 아메리카노,커피,4,20000
2025-07-04,아메리카노,커피,72,324000
2025-07-04,카페라떼,라떼/기타,52,260000
2025-07-04,바닐라라떼,라떼/기타,17,93500
2025-07-04,콜드브루,커피,24,132000
2025-07-04,카푸치노,라떼/기타,18,90000
2025-07-04,녹차라떼,라떼/기타,11,60500
2025-07-04,초코라떼,라떼/기타,10,55000
2025-07-04,에스프레소,커피,12,42000
2025-07-04,디카페인 아메리카노,커피,8,40000
2025-07-05,아메리카노,커피,78,351000
2025-07-05,카페라떼,라떼/기타,70,350000
2025-07-05,바닐라라떼,라떼/기타,38,209000
2025-07-05,콜드브루,커피,55,302500
2025-07-05,카푸치노,라떼/기타,11,55000
2025-07-05,녹차라떼,라떼/기타,15,82500
2025-07-05,초코라떼,라떼/기타,14,77000
2025-07-05,에스프레소,커피,17,59500
2025-07-05,디카페인 아메리카노,커피,7,35000
2025-07-06,아메리카노,커피,75,337500
2025-07-06,카페라떼,라떼/기타,44,220000
2025-07-06,바닐라라떼,라떼/기타,23,126500
2025-07-06,콜드브루,커피,46,253000
2025-07-06,카푸치노,라떼/기타,12,60000
2025-07-06,녹차라떼,라떼/기타,11,60500
2025-07-06,초코라떼,라떼/기타,15,82500
2025-07-06,에스프레소,커피,10,35000
2025-07-06,디카페인 아메리카노,커피,8,40000
2025-07-07,아메리카노,커피,79,355500
2025-07-07,카페라떼,라떼/기타,24,120000
2025-07-07,바닐라라떼,라떼/기타,12,66000
2025-07-07,콜드브루,커피,15,82500
2025-07-07,카푸치노,라떼/기타,15,75000
2025-07-07,녹차라떼,라떼/기타,12,66000
2025-07-07,초코라떼,라떼/기타,6,33000
2025-07-07,에스프레소,커피,6,21000
2025-07-07,디카페인 아메리카노,커피,5,25000
2025-07-08,아메리카노,커피,65,292500
2025-07-08,카페라떼,라떼/기타,39,195000
2025-07-08,바닐라라떼,라떼/기타,20,110000
2025-07-08,콜드브루,커피,18,99000
2025-07-08,카푸치노,라떼/기타,14,70000
2025-07-08,녹차라떼,라떼/기타,10,55000
2025-07-08,초코라떼,라떼/기타,10,55000
2025-07-08,에스프레소,커피,8,28000
2025-07-08,디카페인 아메리카노,커피,6,30000
2025-07-09,아메리카노,커피,95,427500
2025-07-09,카페라떼,라떼/기타,32,160000
2025-07-09,바닐라라떼,라떼/기타,19,104500
2025-07-09,콜드브루,커피,35,192500
2025-07-09,카푸치노,라떼/기타,7,35000
2025-07-09,녹차라떼,라떼/기타,14,77000
2025-07-09,초코라떼,라떼/기타,7,38500
2025-07-09,에스프레소,커피,8,28000
2025-07-09,디카페인 아메리카노,커피,5,25000
2025-07-10,아메리카노,커피,47,211500
2025-07-10,카페라떼,라떼/기타,47,235000
2025-07-10,바닐라라떼,라떼/기타,22,121000
2025-07-10,콜드브루,커피,33,181500
2025-07-10,카푸치노,라떼/기타,10,50000
2025-07-10,녹차라떼,라떼/기타,7,38500
2025-07-10,초코라떼,라떼/기타,9,49500
2025-07-10,에스프레소,커피,8,28000
2025-07-10,디카페인 아메리카노,커피,5,25000
2025-07-11,아메리카노,커피,76,342000
2025-07-11,카페라떼,라떼/기타,37,185000
2025-07-11,바닐라라떼,라떼/기타,28,154000
2025-07-11,콜드브루,커피,21,115500
2025-07-11,카푸치노,라떼/기타,21,105000
2025-07-11,녹차라떼,라떼/기타,13,71500
2025-07-11,초코라떼,라떼/기타,14,77000
2025-07-11,에스프레소,커피,8,28000
2025-07-11,디카페인 아메리카노,커피,7,35000
2025-07-12,아메리카노,커피,79,355500
2025-07-12,카페라떼,라떼/기타,52,260000
2025-07-12,바닐라라떼,라떼/기타,30,165000
2025-07-12,콜드브루,커피,27,148500
2025-07-12,카푸치노,라떼/기타,18,90000
2025-07-12,녹차라떼,라떼/기타,15,82500
2025-07-12,초코라떼,라떼/기타,7,38500
2025-07-12,에스프레소,커피,10,35000
2025-07-12,디카페인 아메리카노,커피,8,40000
2025-07-13,아메리카노,커피,41,184500
2025-07-13,카페라떼,라떼/기타,44,220000
2025-07-13,바닐라라떼,라떼/기타,27,148500
2025-07-13,콜드브루,커피,41,225500
2025-07-13,카푸치노,라떼/기타,9,45000
2025-07-13,녹차라떼,라떼/기타,11,60500
2025-07-13,초코라떼,라떼/기타,8,44000
2025-07-13,에스프레소,커피,6,21000
2025-07-13,디카페인 아메리카노,커피,7,35000
2025-07-14,아메리카노,커피,76,342000
2025-07-14,카페라떼,라떼/기타,47,235000
2025-07-14,바닐라라떼,라떼/기타,21,115500
2025-07-14,콜드브루,커피,17,93500
2025-07-14,카푸치노,라떼/기타,19,95000
2025-07-14,녹차라떼,라떼/기타,8,44000
2025-07-14,초코라떼,라떼/기타,12,66000
2025-07-14,에스프레소,커피,7,24500
2025-07-14,디카페인 아메리카노,커피,6,30000
2025-07-15,아메리카노,커피,62,279000
2025-07-15,카페라떼,라떼/기타,50,250000
2025-07-15,바닐라라떼,라떼/기타,20,110000
2025-07-15,콜드브루,커피,26,143000
2025-07-15,카푸치노,라떼/기타,10,50000
2025-07-15,녹차라떼,라떼/기타,10,55000
2025-07-15,초코라떼,라떼/기타,6,33000
2025-07-15,에스프레소,커피,6,21000
2025-07-15,디카페인 아메리카노,커피,6,30000
2025-07-16,아메리카노,커피,63,283500
2025-07-16,카페라떼,라떼/기타,45,225000
2025-07-16,바닐라라떼,라떼/기타,27,148500
2025-07-16,콜드브루,커피,26,143000
2025-07-16,카푸치노,라떼/기타,9,45000
2025-07-16,녹차라떼,라떼/기타,9,49500
2025-07-16,초코라떼,라떼/기타,11,60500
2025-07-16,에스프레소,커피,8,28000
2025-07-16,디카페인 아메리카노,커피,5,25000
2025-07-17,아메리카노,커피,60,270000
2025-07-17,카페라떼,라떼/기타,43,215000
2025-07-17,바닐라라떼,라떼/기타,22,121000
2025-07-17,콜드브루,커피,52,286000
2025-07-17,카푸치노,라떼/기타,12,60000
2025-07-17,녹차라떼,라떼/기타,12,66000
2025-07-17,초코라떼,라떼/기타,13,71500
2025-07-17,에스프레소,커피,8,28000
2025-07-17,디카페인 아메리카노,커피,7,35000
2025-07-18,아메리카노,커피,101,454500
2025-07-18,카페라떼,라떼/기타,42,210000
2025-07-18,바닐라라떼,라떼/기타,27,148500
2025-07-18,콜드브루,커피,34,187000
2025-07-18,카푸치노,라떼/기타,11,55000
2025-07-18,녹차라떼,라떼/기타,15,82500
2025-07-18,초코라떼,라떼/기타,12,66000
2025-07-18,에스프레소,커피,6,21000
2025-07-18,디카페인 아메리카노,커피,9,45000
2025-07-19,아메리카노,커피,71,319500
2025-07-19,카페라떼,라떼/기타,53,265000
2025-07-19,바닐라라떼,라떼/기타,26,143000
2025-07-19,콜드브루,커피,59,324500
2025-07-19,카푸치노,라떼/기타,12,60000
2025-07-19,녹차라떼,라떼/기타,10,55000
2025-07-19,초코라떼,라떼/기타,9,49500
2025-07-19,에스프레소,커피,11,38500
2025-07-19,디카페인 아메리카노,커피,8,40000
2025-07-20,아메리카노,커피,81,364500
2025-07-20,카페라떼,라떼/기타,35,175000
2025-07-20,바닐라라떼,라떼/기타,38,209000
2025-07-20,콜드브루,커피,52,286000
2025-07-20,카푸치노,라떼/기타,10,50000
2025-07-20,녹차라떼,라떼/기타,10,55000
2025-07-20,초코라떼,라떼/기타,10,55000
2025-07-20,에스프레소,커피,10,35000
2025-07-20,디카페인 아메리카노,커피,8,40000
2025-07-21,아메리카노,커피,62,279000
2025-07-21,카페라떼,라떼/기타,52,260000
2025-07-21,바닐라라떼,라떼/기타,24,132000
2025-07-21,콜드브루,커피,38,209000
2025-07-21,카푸치노,라떼/기타,9,45000
2025-07-21,녹차라떼,라떼/기타,8,44000
2025-07-21,초코라떼,라떼/기타,11,60500
2025-07-21,에스프레소,커피,8,28000
2025-07-21,디카페인 아메리카노,커피,4,20000
2025-07-22,아메리카노,커피,69,310500
2025-07-22,카페라떼,라떼/기타,31,155000
2025-07-22,바닐라라떼,라떼/기타,26,143000
2025-07-22,콜드브루,커피,30,165000
2025-07-22,카푸치노,라떼/기타,9,45000
2025-07-22,녹차라떼,라떼/기타,12,66000
2025-07-22,초코라떼,라떼/기타,9,49500
2025-07-22,에스프레소,커피,9,31500
2025-07-22,디카페인 아메리카노,커피,5,25000
2025-07-23,아메리카노,커피,67,301500
2025-07-23,카페라떼,라떼/기타,29,145000
2025-07-23,바닐라라떼,라떼/기타,18,99000
2025-07-23,콜드브루,커피,30,165000
2025-07-23,카푸치노,라떼/기타,6,30000
2025-07-23,녹차라떼,라떼/기타,11,60500
2025-07-23,초코라떼,라떼/기타,5,27500
2025-07-23,에스프레소,커피,6,21000
2025-07-23,디카페인 아메리카노,커피,4,20000
2025-07-24,아메리카노,커피,47,211500
2025-07-24,카페라떼,라떼/기타,25,125000
2025-07-24,바닐라라떼,라떼/기타,18,99000
2025-07-24,콜드브루,커피,35,192500
2025-07-24,카푸치노,라떼/기타,9,45000
2025-07-24,녹차라떼,라떼/기타,9,49500
2025-07-24,초코라떼,라떼/기타,9,49500
2025-07-24,에스프레소,커피,5,17500
2025-07-24,디카페인 아메리카노,커피,3,15000
2025-07-25,아메리카노,커피,90,405000
2025-07-25,카페라떼,라떼/기타,79,395000
2025-07-25,바닐라라떼,라떼/기타,35,192500
2025-07-25,콜드브루,커피,24,132000
2025-07-25,카푸치노,라떼/기타,21,105000
2025-07-25,녹차라떼,라떼/기타,19,104500
2025-07-25,초코라떼,라떼/기타,10,55000
2025-07-25,에스프레소,커피,14,49000
2025-07-25,디카페인 아메리카노,커피,6,30000
2025-07-26,아메리카노,커피,101,454500
2025-07-26,카페라떼,라떼/기타,47,235000
2025-07-26,바닐라라떼,라떼/기타,26,143000
2025-07-26,콜드브루,커피,47,258500
2025-07-26,카푸치노,라떼/기타,11,55000
2025-07-26,녹차라떼,라떼/기타,15,82500
2025-07-26,초코라떼,라떼/기타,11,60500
2025-07-26,에스프레소,커피,11,38500
2025-07-26,디카페인 아메리카노,커피,7,35000
2025-07-27,아메리카노,커피,79,355500
2025-07-27,카페라떼,라떼/기타,42,210000
2025-07-27,바닐라라떼,라떼/기타,32,176000
2025-07-27,콜드브루,커피,17,93500
2025-07-27,카푸치노,라떼/기타,12,60000
2025-07-27,녹차라떼,라떼/기타,15,82500
2025-07-27,초코라떼,라떼/기타,10,55000
2025-07-27,에스프레소,커피,8,28000
2025-07-27,디카페인 아메리카노,커피,7,35000
2025-07-28,아메리카노,커피,44,198000
2025-07-28,카페라떼,라떼/기타,36,180000
2025-07-28,바닐라라떼,라떼/기타,19,104500
2025-07-28,콜드브루,커피,26,143000
2025-07-28,카푸치노,라떼/기타,11,55000
2025-07-28,녹차라떼,라떼/기타,8,44000
2025-07-28,초코라떼,라떼/기타,10,55000
2025-07-28,에스프레소,커피,8,28000
2025-07-28,디카페인 아메리카노,커피,4,20000
2025-07-29,아메리카노,커피,71,319500
2025-07-29,카페라떼,라떼/기타,39,195000
2025-07-29,바닐라라떼,라떼/기타,22,121000
2025-07-29,콜드브루,커피,41,225500
2025-07-29,카푸치노,라떼/기타,8,40000
2025-07-29,녹차라떼,라떼/기타,12,66000
2025-07-29,초코라떼,라떼/기타,7,38500
2025-07-29,에스프레소,커피,9,31500
2025-07-29,디카페인 아메리카노,커피,7,35000
2025-07-30,아메리카노,커피,79,355500
2025-07-30,카페라떼,라떼/기타,24,120000
2025-07-30,바닐라라떼,라떼/기타,29,159500
2025-07-30,콜드브루,커피,50,275000
2025-07-30,카푸치노,라떼/기타,11,55000
2025-07-30,녹차라떼,라떼/기타,12,66000
2025-07-30,초코라떼,라떼/기타,8,44000
2025-07-30,에스프레소,커피,8,28000
2025-07-30,디카페인 아메리카노,커피,6,30000
2025-07-31,아메리카노,커피,53,238500
2025-07-31,카페라떼,라떼/기타,59,295000
2025-07-31,바닐라라떼,라떼/기타,26,143000
2025-07-31,콜드브루,커피,38,209000
2025-07-31,카푸치노,라떼/기타,10,50000
2025-07-31,녹차라떼,라떼/기타,12,66000
2025-07-31,초코라떼,라떼/기타,8,44000
2025-07-31,에스프레소,커피,11,38500
2025-07-31,디카페인 아메리카노,커피,8,40000
2025-08-01,아메리카노,커피,87,391500
2025-08-01,카페라떼,라떼/기타,41,205000
2025-08-01,바닐라라떼,라떼/기타,26,143000
2025-08-01,콜드브루,커피,47,258500
2025-08-01,카푸치노,라떼/기타,9,45000
2025-08-01,녹차라떼,라떼/기타,12,66000
2025-08-01,초코라떼,라떼/기타,10,55000
2025-08-01,에스프레소,커피,8,28000
2025-08-01,디카페인 아메리카노,커피,5,25000
2025-08-02,아메리카노,커피,82,369000
2025-08-02,카페라떼,라떼/기타,47,235000
2025-08-02,바닐라라떼,라떼/기타,25,137500
2025-08-02,콜드브루,커피,37,203500
2025-08-02,카푸치노,라떼/기타,10,50000
2025-08-02,녹차라떼,라떼/기타,11,60500
2025-08-02,초코라떼,라떼/기타,18,99000
2025-08-02,에스프레소,커피,6,21000
2025-08-02,디카페인 아메리카노,커피,7,35000
2025-08-03,아메리카노,커피,69,310500
2025-08-03,카페라떼,라떼/기타,40,200000
2025-08-03,바닐라라떼,라떼/기타,36,198000
2025-08-03,콜드브루,커피,33,181500
2025-08-03,카푸치노,라떼/기타,12,60000
2025-08-03,녹차라떼,라떼/기타,14,77000
2025-08-03,초코라떼,라떼/기타,9,49500
2025-08-03,에스프레소,커피,10,35000
2025-08-03,디카페인 아메리카노,커피,5,25000
2025-08-04,아메리카노,커피,68,306000
2025-08-04,카페라떼,라떼/기타,34,170000
2025-08-04,바닐라라떼,라떼/기타,18,99000
2025-08-04,콜드브루,커피,31,170500
2025-08-04,카푸치노,라떼/기타,7,35000
2025-08-04,녹차라떼,라떼/기타,10,55000
2025-08-04,초코라떼,라떼/기타,10,55000
2025-08-04,에스프레소,커피,7,24500
2025-08-04,디카페인 아메리카노,커피,5,25000
2025-08-05,아메리카노,커피,60,270000
2025-08-05,카페라떼,라떼/기타,39,195000
2025-08-05,바닐라라떼,라떼/기타,19,104500
2025-08-05,콜드브루,커피,32,176000
2025-08-05,카푸치노,라떼/기타,6,30000
2025-08-05,녹차라떼,라떼/기타,10,55000
2025-08-05,초코라떼,라떼/기타,8,44000
2025-08-05,에스프레소,커피,5,17500
2025-08-05,디카페인 아메리카노,커피,5,25000
2025-08-06,아메리카노,커피,60,270000
2025-08-06,카페라떼,라떼/기타,48,240000
2025-08-06,바닐라라떼,라떼/기타,24,132000
2025-08-06,콜드브루,커피,53,291500
2025-08-06,카푸치노,라떼/기타,10,50000
2025-08-06,녹차라떼,라떼/기타,8,44000
2025-08-06,초코라떼,라떼/기타,10,55000
2025-08-06,에스프레소,커피,9,31500
2025-08-06,디카페인 아메리카노,커피,8,40000
2025-08-07,아메리카노,커피,84,378000
2025-08-07,카페라떼,라떼/기타,40,200000
2025-08-07,바닐라라떼,라떼/기타,18,99000
2025-08-07,콜드브루,커피,21,115500
2025-08-07,카푸치노,라떼/기타,12,60000
2025-08-07,녹차라떼,라떼/기타,11,60500
2025-08-07,초코라떼,라떼/기타,12,66000
2025-08-07,에스프레소,커피,8,28000
2025-08-07,디카페인 아메리카노,커피,6,30000
2025-08-08,아메리카노,커피,75,337500
2025-08-08,카페라떼,라떼/기타,47,235000
2025-08-08,바닐라라떼,라떼/기타,27,148500
2025-08-08,콜드브루,커피,27,148500
2025-08-08,카푸치노,라떼/기타,16,80000
2025-08-08,녹차라떼,라떼/기타,14,77000
2025-08-08,초코라떼,라떼/기타,13,71500
2025-08-08,에스프레소,커피,10,35000
2025-08-08,디카페인 아메리카노,커피,4,20000
2025-08-09,아메리카노,커피,124,558000
2025-08-09,카페라떼,라떼/기타,57,285000
2025-08-09,바닐라라떼,라떼/기타,29,159500
2025-08-09,콜드브루,커피,27,148500
2025-08-09,카푸치노,라떼/기타,17,85000
2025-08-09,녹차라떼,라떼/기타,11,60500
2025-08-09,초코라떼,라떼/기타,11,60500
2025-08-09,에스프레소,커피,10,35000
2025-08-09,디카페인 아메리카노,커피,12,60000
2025-08-10,아메리카노,커피,64,288000
2025-08-10,카페라떼,라떼/기타,40,200000
2025-08-10,바닐라라떼,라떼/기타,20,110000
2025-08-10,콜드브루,커피,32,176000
2025-08-10,카푸치노,라떼/기타,9,45000
2025-08-10,녹차라떼,라떼/기타,12,66000
2025-08-10,초코라떼,라떼/기타,13,71500
2025-08-10,에스프레소,커피,7,24500
2025-08-10,디카페인 아메리카노,커피,9,45000
2025-08-11,아메리카노,커피,57,256500
2025-08-11,카페라떼,라떼/기타,43,215000
2025-08-11,바닐라라떼,라떼/기타,17,93500
2025-08-11,콜드브루,커피,39,214500
2025-08-11,카푸치노,라떼/기타,11,55000
2025-08-11,녹차라떼,라떼/기타,11,60500
2025-08-11,초코라떼,라떼/기타,8,44000
2025-08-11,에스프레소,커피,5,17500
2025-08-11,디카페인 아메리카노,커피,4,20000
2025-08-12,아메리카노,커피,69,310500
2025-08-12,카페라떼,라떼/기타,31,155000
2025-08-12,바닐라라떼,라떼/기타,15,82500
2025-08-12,콜드브루,커피,37,203500
2025-08-12,카푸치노,라떼/기타,13,65000
2025-08-12,녹차라떼,라떼/기타,9,49500
2025-08-12,초코라떼,라떼/기타,8,44000
2025-08-12,에스프레소,커피,8,28000
2025-08-12,디카페인 아메리카노,커피,5,25000
2025-08-13,아메리카노,커피,66,297000
2025-08-13,카페라떼,라떼/기타,33,165000
2025-08-13,바닐라라떼,라떼/기타,15,82500
2025-08-13,콜드브루,커피,31,170500
2025-08-13,카푸치노,라떼/기타,9,45000
2025-08-13,녹차라떼,라떼/기타,7,38500
2025-08-13,초코라떼,라떼/기타,8,44000
2025-08-13,에스프레소,커피,5,17500
2025-08-13,디카페인 아메리카노,커피,6,30000
2025-08-14,아메리카노,커피,79,355500
2025-08-14,카페라떼,라떼/기타,46,230000
2025-08-14,바닐라라떼,라떼/기타,29,159500
2025-08-14,콜드브루,커피,20,110000
2025-08-14,카푸치노,라떼/기타,11,55000
2025-08-14,녹차라떼,라떼/기타,16,88000
2025-08-14,초코라떼,라떼/기타,13,71500
2025-08-14,에스프레소,커피,8,28000
2025-08-14,디카페인 아메리카노,커피,5,25000
2025-08-15,아메리카노,커피,107,481500
2025-08-15,카페라떼,라떼/기타,50,250000
2025-08-15,바닐라라떼,라떼/기타,33,181500
2025-08-15,콜드브루,커피,37,203500
2025-08-15,카푸치노,라떼/기타,12,60000
2025-08-15,녹차라떼,라떼/기타,17,93500
2025-08-15,초코라떼,라떼/기타,17,93500
2025-08-15,에스프레소,커피,15,52500
2025-08-15,디카페인 아메리카노,커피,8,40000
2025-08-16,아메리카노,커피,107,481500
2025-08-16,카페라떼,라떼/기타,56,280000
2025-08-16,바닐라라떼,라떼/기타,36,198000
2025-08-16,콜드브루,커피,48,264000
2025-08-16,카푸치노,라떼/기타,12,60000
2025-08-16,녹차라떼,라떼/기타,18,99000
2025-08-16,초코라떼,라떼/기타,14,77000
2025-08-16,에스프레소,커피,10,35000
2025-08-16,디카페인 아메리카노,커피,5,25000
2025-08-17,아메리카노,커피,76,342000
2025-08-17,카페라떼,라떼/기타,40,200000
2025-08-17,바닐라라떼,라떼/기타,14,77000
2025-08-17,콜드브루,커피,6,33000
2025-08-17,카푸치노,라떼/기타,14,70000
2025-08-17,녹차라떼,라떼/기타,12,66000
2025-08-17,초코라떼,라떼/기타,5,27500
2025-08-17,에스프레소,커피,6,21000
2025-08-17,디카페인 아메리카노,커피,5,25000
2025-08-18,아메리카노,커피,67,301500
2025-08-18,카페라떼,라떼/기타,36,180000
2025-08-18,바닐라라떼,라떼/기타,19,104500
2025-08-18,콜드브루,커피,23,126500
2025-08-18,카푸치노,라떼/기타,8,40000
2025-08-18,녹차라떼,라떼/기타,16,88000
2025-08-18,초코라떼,라떼/기타,6,33000
2025-08-18,에스프레소,커피,5,17500
2025-08-18,디카페인 아메리카노,커피,5,25000
2025-08-19,아메리카노,커피,67,301500
2025-08-19,카페라떼,라떼/기타,40,200000
2025-08-19,바닐라라떼,라떼/기타,20,110000
2025-08-19,콜드브루,커피,18,99000
2025-08-19,카푸치노,라떼/기타,15,75000
2025-08-19,녹차라떼,라떼/기타,10,55000
2025-08-19,초코라떼,라떼/기타,12,66000
2025-08-19,에스프레소,커피,5,17500
2025-08-19,디카페인 아메리카노,커피,4,20000
2025-08-20,아메리카노,커피,74,333000
2025-08-20,카페라떼,라떼/기타,46,230000
2025-08-20,바닐라라떼,라떼/기타,28,154000
2025-08-20,콜드브루,커피,28,154000
2025-08-20,카푸치노,라떼/기타,17,85000
2025-08-20,녹차라떼,라떼/기타,13,71500
2025-08-20,초코라떼,라떼/기타,13,71500
2025-08-20,에스프레소,커피,9,31500
2025-08-20,디카페인 아메리카노,커피,3,15000
2025-08-21,아메리카노,커피,74,333000
2025-08-21,카페라떼,라떼/기타,31,155000
2025-08-21,바닐라라떼,라떼/기타,28,154000
2025-08-21,콜드브루,커피,25,137500
2025-08-21,카푸치노,라떼/기타,15,75000
2025-08-21,녹차라떼,라떼/기타,9,49500
2025-08-21,초코라떼,라떼/기타,12,66000
2025-08-21,에스프레소,커피,7,24500
2025-08-21,디카페인 아메리카노,커피,4,20000
2025-08-22,아메리카노,커피,83,373500
2025-08-22,카페라떼,라떼/기타,57,285000
2025-08-22,바닐라라떼,라떼/기타,32,176000
2025-08-22,콜드브루,커피,49,269500
2025-08-22,카푸치노,라떼/기타,8,40000
2025-08-22,녹차라떼,라떼/기타,16,88000
2025-08-22,초코라떼,라떼/기타,14,77000
2025-08-22,에스프레소,커피,6,21000
2025-08-22,디카페인 아메리카노,커피,8,40000
2025-08-23,아메리카노,커피,65,292500
2025-08-23,카페라떼,라떼/기타,60,300000
2025-08-23,바닐라라떼,라떼/기타,24,132000
2025-08-23,콜드브루,커피,58,319000
2025-08-23,카푸치노,라떼/기타,10,50000
2025-08-23,녹차라떼,라떼/기타,11,60500
2025-08-23,초코라떼,라떼/기타,13,71500
2025-08-23,에스프레소,커피,12,42000
2025-08-23,디카페인 아메리카노,커피,10,50000
2025-08-24,아메리카노,커피,125,562500
2025-08-24,카페라떼,라떼/기타,45,225000
2025-08-24,바닐라라떼,라떼/기타,26,143000
2025-08-24,콜드브루,커피,58,319000
2025-08-24,카푸치노,라떼/기타,12,60000
2025-08-24,녹차라떼,라떼/기타,13,71500
2025-08-24,초코라떼,라떼/기타,19,104500
2025-08-24,에스프레소,커피,11,38500
2025-08-24,디카페인 아메리카노,커피,9,45000
2025-08-25,아메리카노,커피,70,315000
2025-08-25,카페라떼,라떼/기타,34,170000
2025-08-25,바닐라라떼,라떼/기타,18,99000
2025-08-25,콜드브루,커피,16,88000
2025-08-25,카푸치노,라떼/기타,14,70000
2025-08-25,녹차라떼,라떼/기타,13,71500
2025-08-25,초코라떼,라떼/기타,9,49500
2025-08-25,에스프레소,커피,10,35000
2025-08-25,디카페인 아메리카노,커피,5,25000
2025-08-26,아메리카노,커피,56,252000
2025-08-26,카페라떼,라떼/기타,55,275000
2025-08-26,바닐라라떼,라떼/기타,21,115500
2025-08-26,콜드브루,커피,25,137500
2025-08-26,카푸치노,라떼/기타,14,70000
2025-08-26,녹차라떼,라떼/기타,17,93500
2025-08-26,초코라떼,라떼/기타,15,82500
2025-08-26,에스프레소,커피,8,28000
2025-08-26,디카페인 아메리카노,커피,6,30000
2025-08-27,아메리카노,커피,66,297000
2025-08-27,카페라떼,라떼/기타,46,230000
2025-08-27,바닐라라떼,라떼/기타,19,104500
2025-08-27,콜드브루,커피,26,143000
2025-08-27,카푸치노,라떼/기타,8,40000
2025-08-27,녹차라떼,라떼/기타,16,88000
2025-08-27,초코라떼,라떼/기타,11,60500
2025-08-27,에스프레소,커피,9,31500
2025-08-27,디카페인 아메리카노,커피,6,30000
2025-08-28,아메리카노,커피,70,315000
2025-08-28,카페라떼,라떼/기타,42,210000
2025-08-28,바닐라라떼,라떼/기타,24,132000
2025-08-28,콜드브루,커피,13,71500
2025-08-28,카푸치노,라떼/기타,13,65000
2025-08-28,녹차라떼,라떼/기타,13,71500
2025-08-28,초코라떼,라떼/기타,11,60500
2025-08-28,에스프레소,커피,7,24500
2025-08-28,디카페인 아메리카노,커피,6,30000
2025-08-29,아메리카노,커피,79,355500
2025-08-29,카페라떼,라떼/기타,59,295000
2025-08-29,바닐라라떼,라떼/기타,34,187000
2025-08-29,콜드브루,커피,17,93500
2025-08-29,카푸치노,라떼/기타,17,85000
2025-08-29,녹차라떼,라떼/기타,18,99000
2025-08-29,초코라떼,라떼/기타,17,93500
2025-08-29,에스프레소,커피,8,28000
2025-08-29,디카페인 아메리카노,커피,9,45000
2025-08-30,아메리카노,커피,78,351000
2025-08-30,카페라떼,라떼/기타,48,240000
2025-08-30,바닐라라떼,라떼/기타,17,93500
2025-08-30,콜드브루,커피,15,82500
2025-08-30,카푸치노,라떼/기타,14,70000
2025-08-30,녹차라떼,라떼/기타,16,88000
2025-08-30,초코라떼,라떼/기타,11,60500
2025-08-30,에스프레소,커피,7,24500
2025-08-30,디카페인 아메리카노,커피,5,25000
2025-08-31,아메리카노,커피,85,382500
2025-08-31,카페라떼,라떼/기타,33,165000
2025-08-31,바닐라라떼,라떼/기타,31,170500
2025-08-31,콜드브루,커피,24,132000
2025-08-31,카푸치노,라떼/기타,14,70000
2025-08-31,녹차라떼,라떼/기타,12,66000
2025-08-31,초코라떼,라떼/기타,11,60500
2025-08-31,에스프레소,커피,8,28000
2025-08-31,디카페인 아메리카노,커피,7,35000
2025-09-01,아메리카노,커피,62,279000
2025-09-01,카페라떼,라떼/기타,44,220000
2025-09-01,바닐라라떼,라떼/기타,12,66000
2025-09-01,콜드브루,커피,15,82500
2025-09-01,카푸치노,라떼/기타,13,65000
2025-09-01,녹차라떼,라떼/기타,13,71500
2025-09-01,초코라떼,라떼/기타,9,49500
2025-09-01,에스프레소,커피,8,28000
2025-09-01,디카페인 아메리카노,커피,5,25000
2025-09-02,아메리카노,커피,46,207000
2025-09-02,카페라떼,라떼/기타,46,230000
2025-09-02,바닐라라떼,라떼/기타,9,49500
2025-09-02,콜드브루,커피,34,187000
2025-09-02,카푸치노,라떼/기타,7,35000
2025-09-02,녹차라떼,라떼/기타,11,60500
2025-09-02,초코라떼,라떼/기타,10,55000
2025-09-02,에스프레소,커피,7,24500
2025-09-02,디카페인 아메리카노,커피,6,30000
2025-09-03,아메리카노,커피,51,229500
2025-09-03,카페라떼,라떼/기타,43,215000
2025-09-03,바닐라라떼,라떼/기타,24,132000
2025-09-03,콜드브루,커피,26,143000
2025-09-03,카푸치노,라떼/기타,12,60000
2025-09-03,녹차라떼,라떼/기타,10,55000
2025-09-03,초코라떼,라떼/기타,10,55000
2025-09-03,에스프레소,커피,6,21000
2025-09-03,디카페인 아메리카노,커피,7,35000
2025-09-04,아메리카노,커피,57,256500
2025-09-04,카페라떼,라떼/기타,47,235000
2025-09-04,바닐라라떼,라떼/기타,22,121000
2025-09-04,콜드브루,커피,40,220000
2025-09-04,카푸치노,라떼/기타,8,40000
2025-09-04,녹차라떼,라떼/기타,10,55000
2025-09-04,초코라떼,라떼/기타,12,66000
2025-09-04,에스프레소,커피,7,24500
2025-09-04,디카페인 아메리카노,커피,7,35000
2025-09-05,아메리카노,커피,101,454500
2025-09-05,카페라떼,라떼/기타,56,280000
2025-09-05,바닐라라떼,라떼/기타,25,137500
2025-09-05,콜드브루,커피,23,126500
2025-09-05,카푸치노,라떼/기타,12,60000
2025-09-05,녹차라떼,라떼/기타,10,55000
2025-09-05,초코라떼,라떼/기타,10,55000
2025-09-05,에스프레소,커피,9,31500
2025-09-05,디카페인 아메리카노,커피,6,30000
2025-09-06,아메리카노,커피,69,310500
2025-09-06,카페라떼,라떼/기타,35,175000
2025-09-06,바닐라라떼,라떼/기타,22,121000
2025-09-06,콜드브루,커피,33,181500
2025-09-06,카푸치노,라떼/기타,18,90000
2025-09-06,녹차라떼,라떼/기타,12,66000
2025-09-06,초코라떼,라떼/기타,14,77000
2025-09-06,에스프레소,커피,11,38500
2025-09-06,디카페인 아메리카노,커피,12,60000
2025-09-07,아메리카노,커피,90,405000
2025-09-07,카페라떼,라떼/기타,42,210000
2025-09-07,바닐라라떼,라떼/기타,25,137500
2025-09-07,콜드브루,커피,23,126500
2025-09-07,카푸치노,라떼/기타,14,70000
2025-09-07,녹차라떼,라떼/기타,9,49500
2025-09-07,초코라떼,라떼/기타,10,55000
2025-09-07,에스프레소,커피,7,24500
2025-09-07,디카페인 아메리카노,커피,6,30000
2025-09-08,아메리카노,커피,19,85500
2025-09-08,카페라떼,라떼/기타,10,50000
2025-09-08,바닐라라떼,라떼/기타,7,38500
2025-09-08,콜드브루,커피,7,38500
2025-09-08,카푸치노,라떼/기타,5,25000
2025-09-08,녹차라떼,라떼/기타,4,22000
2025-09-08,초코라떼,라떼/기타,2,11000
2025-09-08,에스프레소,커피,2,7000
2025-09-08,디카페인 아메리카노,커피,1,5000
2025-09-09,아메리카노,커피,62,279000
2025-09-09,카페라떼,라떼/기타,35,175000
2025-09-09,바닐라라떼,라떼/기타,15,82500
2025-09-09,콜드브루,커피,16,88000
2025-09-09,카푸치노,라떼/기타,13,65000
2025-09-09,녹차라떼,라떼/기타,10,55000
2025-09-09,초코라떼,라떼/기타,8,44000
2025-09-09,에스프레소,커피,8,28000
2025-09-09,디카페인 아메리카노,커피,7,35000
2025-09-10,아메리카노,커피,72,324000
2025-09-10,카페라떼,라떼/기타,51,255000
2025-09-10,바닐라라떼,라떼/기타,34,187000
2025-09-10,콜드브루,커피,23,126500
2025-09-10,카푸치노,라떼/기타,12,60000
2025-09-10,녹차라떼,라떼/기타,11,60500
2025-09-10,초코라떼,라떼/기타,7,38500
2025-09-10,에스프레소,커피,7,24500
2025-09-10,디카페인 아메리카노,커피,6,30000
2025-09-11,아메리카노,커피,91,409500
2025-09-11,카페라떼,라떼/기타,71,355000
2025-09-11,바닐라라떼,라떼/기타,24,132000
2025-09-11,콜드브루,커피,17,93500
2025-09-11,카푸치노,라떼/기타,16,80000
2025-09-11,녹차라떼,라떼/기타,13,71500
2025-09-11,초코라떼,라떼/기타,12,66000
2025-09-11,에스프레소,커피,8,28000
2025-09-11,디카페인 아메리카노,커피,3,15000
2025-09-12,아메리카노,커피,108,486000
2025-09-12,카페라떼,라떼/기타,47,235000
2025-09-12,바닐라라떼,라떼/기타,35,192500
2025-09-12,콜드브루,커피,27,148500
2025-09-12,카푸치노,라떼/기타,14,70000
2025-09-12,녹차라떼,라떼/기타,11,60500
2025-09-12,초코라떼,라떼/기타,13,71500
2025-09-12,에스프레소,커피,10,35000
2025-09-12,디카페인 아메리카노,커피,8,40000
2025-09-13,아메리카노,커피,76,342000
2025-09-13,카페라떼,라떼/기타,80,400000
2025-09-13,바닐라라떼,라떼/기타,38,209000
2025-09-13,콜드브루,커피,30,165000
2025-09-13,카푸치노,라떼/기타,19,95000
2025-09-13,녹차라떼,라떼/기타,16,88000
2025-09-13,초코라떼,라떼/기타,9,49500
2025-09-13,에스프레소,커피,9,31500
2025-09-13,디카페인 아메리카노,커피,6,30000
2025-09-14,아메리카노,커피,87,391500
2025-09-14,카페라떼,라떼/기타,62,310000
2025-09-14,바닐라라떼,라떼/기타,29,159500
2025-09-14,콜드브루,커피,37,203500
2025-09-14,카푸치노,라떼/기타,21,105000
2025-09-14,녹차라떼,라떼/기타,9,49500
2025-09-14,초코라떼,라떼/기타,10,55000
2025-09-14,에스프레소,커피,12,42000
2025-09-14,디카페인 아메리카노,커피,9,45000
2025-09-15,아메리카노,커피,71,319500
2025-09-15,카페라떼,라떼/기타,40,200000
2025-09-15,바닐라라떼,라떼/기타,21,115500
2025-09-15,콜드브루,커피,22,121000
2025-09-15,카푸치노,라떼/기타,11,55000
2025-09-15,녹차라떼,라떼/기타,15,82500
2025-09-15,초코라떼,라떼/기타,12,66000
2025-09-15,에스프레소,커피,9,31500
2025-09-15,디카페인 아메리카노,커피,5,25000
2025-09-16,아메리카노,커피,77,346500
2025-09-16,카페라떼,라떼/기타,45,225000
2025-09-16,바닐라라떼,라떼/기타,20,110000
2025-09-16,콜드브루,커피,20,110000
2025-09-16,카푸치노,라떼/기타,13,65000
2025-09-16,녹차라떼,라떼/기타,8,44000
2025-09-16,초코라떼,라떼/기타,6,33000
2025-09-16,에스프레소,커피,6,21000
2025-09-16,디카페인 아메리카노,커피,3,15000
2025-09-17,아메리카노,커피,44,198000
2025-09-17,카페라떼,라떼/기타,49,245000
2025-09-17,바닐라라떼,라떼/기타,23,126500
2025-09-17,콜드브루,커피,18,99000
2025-09-17,카푸치노,라떼/기타,10,50000
2025-09-17,녹차라떼,라떼/기타,10,55000
2025-09-17,초코라떼,라떼/기타,9,49500
2025-09-17,에스프레소,커피,10,35000
2025-09-17,디카페인 아메리카노,커피,3,15000
2025-09-18,아메리카노,커피,84,378000
2025-09-18,카페라떼,라떼/기타,50,250000
2025-09-18,바닐라라떼,라떼/기타,23,126500
2025-09-18,콜드브루,커피,17,93500
2025-09-18,카푸치노,라떼/기타,13,65000
2025-09-18,녹차라떼,라떼/기타,12,66000
2025-09-18,초코라떼,라떼/기타,10,55000
2025-09-18,에스프레소,커피,4,14000
2025-09-18,디카페인 아메리카노,커피,5,25000
2025-09-19,아메리카노,커피,61,274500
2025-09-19,카페라떼,라떼/기타,36,180000
2025-09-19,바닐라라떼,라떼/기타,23,126500
2025-09-19,콜드브루,커피,15,82500
2025-09-19,카푸치노,라떼/기타,18,90000
2025-09-19,녹차라떼,라떼/기타,5,27500
2025-09-19,초코라떼,라떼/기타,16,88000
2025-09-19,에스프레소,커피,10,35000
2025-09-19,디카페인 아메리카노,커피,8,40000
2025-09-20,아메리카노,커피,80,360000
2025-09-20,카페라떼,라떼/기타,70,350000
2025-09-20,바닐라라떼,라떼/기타,39,214500
2025-09-20,콜드브루,커피,16,88000
2025-09-20,카푸치노,라떼/기타,15,75000
2025-09-20,녹차라떼,라떼/기타,13,71500
2025-09-20,초코라떼,라떼/기타,14,77000
2025-09-20,에스프레소,커피,10,35000
2025-09-20,디카페인 아메리카노,커피,7,35000
2025-09-21,아메리카노,커피,65,292500
2025-09-21,카페라떼,라떼/기타,37,185000
2025-09-21,바닐라라떼,라떼/기타,12,66000
2025-09-21,콜드브루,커피,21,115500
2025-09-21,카푸치노,라떼/기타,18,90000
2025-09-21,녹차라떼,라떼/기타,12,66000
2025-09-21,초코라떼,라떼/기타,13,71500
2025-09-21,에스프레소,커피,8,28000
2025-09-21,디카페인 아메리카노,커피,6,30000
2025-09-22,아메리카노,커피,64,288000
2025-09-22,카페라떼,라떼/기타,29,145000
2025-09-22,바닐라라떼,라떼/기타,12,66000
2025-09-22,콜드브루,커피,25,137500
2025-09-22,카푸치노,라떼/기타,14,70000
2025-09-22,녹차라떼,라떼/기타,11,60500
2025-09-22,초코라떼,라떼/기타,10,55000
2025-09-22,에스프레소,커피,7,24500
2025-09-22,디카페인 아메리카노,커피,6,30000
2025-09-23,아메리카노,커피,85,382500
2025-09-23,카페라떼,라떼/기타,28,140000
2025-09-23,바닐라라떼,라떼/기타,17,93500
2025-09-23,콜드브루,커피,16,88000
2025-09-23,카푸치노,라떼/기타,9,45000
2025-09-23,녹차라떼,라떼/기타,10,55000
2025-09-23,초코라떼,라떼/기타,7,38500
2025-09-23,에스프레소,커피,4,14000
2025-09-23,디카페인 아메리카노,커피,6,30000
2025-09-24,아메리카노,커피,75,337500
2025-09-24,카페라떼,라떼/기타,41,205000
2025-09-24,바닐라라떼,라떼/기타,25,137500
2025-09-24,콜드브루,커피,17,93500
2025-09-24,카푸치노,라떼/기타,12,60000
2025-09-24,녹차라떼,라떼/기타,14,77000
2025-09-24,초코라떼,라떼/기타,9,49500
2025-09-24,에스프레소,커피,7,24500
2025-09-24,디카페인 아메리카노,커피,6,30000
2025-09-25,아메리카노,커피,83,373500
2025-09-25,카페라떼,라떼/기타,37,185000
2025-09-25,바닐라라떼,라떼/기타,19,104500
2025-09-25,콜드브루,커피,16,88000
2025-09-25,카푸치노,라떼/기타,14,70000
2025-09-25,녹차라떼,라떼/기타,4,22000
2025-09-25,초코라떼,라떼/기타,8,44000
2025-09-25,에스프레소,커피,2,7000
2025-09-25,디카페인 아메리카노,커피,4,20000
2025-09-26,아메리카노,커피,94,423000
2025-09-26,카페라떼,라떼/기타,39,195000
2025-09-26,바닐라라떼,라떼/기타,26,143000
2025-09-26,콜드브루,커피,22,121000
2025-09-26,카푸치노,라떼/기타,18,90000
2025-09-26,녹차라떼,라떼/기타,14,77000
2025-09-26,초코라떼,라떼/기타,10,55000
2025-09-26,에스프레소,커피,13,45500
2025-09-26,디카페인 아메리카노,커피,7,35000
2025-09-27,아메리카노,커피,121,544500
2025-09-27,카페라떼,라떼/기타,63,315000
2025-09-27,바닐라라떼,라떼/기타,36,198000
2025-09-27,콜드브루,커피,38,209000
2025-09-27,카푸치노,라떼/기타,25,125000
2025-09-27,녹차라떼,라떼/기타,19,104500
2025-09-27,초코라떼,라떼/기타,14,77000
2025-09-27,에스프레소,커피,9,31500
2025-09-27,디카페인 아메리카노,커피,9,45000
2025-09-28,아메리카노,커피,97,436500
2025-09-28,카페라떼,라떼/기타,38,190000
2025-09-28,바닐라라떼,라떼/기타,29,159500
2025-09-28,콜드브루,커피,17,93500
2025-09-28,카푸치노,라떼/기타,22,110000
2025-09-28,녹차라떼,라떼/기타,13,71500
2025-09-28,초코라떼,라떼/기타,10,55000
2025-09-28,에스프레소,커피,11,38500
2025-09-28,디카페인 아메리카노,커피,7,35000
2025-09-29,아메리카노,커피,52,234000
2025-09-29,카페라떼,라떼/기타,43,215000
2025-09-29,바닐라라떼,라떼/기타,19,104500
2025-09-29,콜드브루,커피,19,104500
2025-09-29,카푸치노,라떼/기타,12,60000
2025-09-29,녹차라떼,라떼/기타,7,38500
2025-09-29,초코라떼,라떼/기타,7,38500
2025-09-29,에스프레소,커피,6,21000
2025-09-29,디카페인 아메리카노,커피,5,25000
2025-09-30,아메리카노,커피,55,247500
2025-09-30,카페라떼,라떼/기타,25,125000
2025-09-30,바닐라라떼,라떼/기타,18,99000
2025-09-30,콜드브루,커피,14,77000
2025-09-30,카푸치노,라떼/기타,13,65000
2025-09-30,녹차라떼,라떼/기타,6,33000
2025-09-30,초코라떼,라떼/기타,7,38500
2025-09-30,에스프레소,커피,6,21000
2025-09-30,디카페인 아메리카노,커피,5,25000
2025-10-01,아메리카노,커피,75,337500
2025-10-01,카페라떼,라떼/기타,42,210000
2025-10-01,바닐라라떼,라떼/기타,27,148500
2025-10-01,콜드브루,커피,23,126500
2025-10-01,카푸치노,라떼/기타,12,60000
2025-10-01,녹차라떼,라떼/기타,11,60500
2025-10-01,초코라떼,라떼/기타,10,55000
2025-10-01,에스프레소,커피,7,24500
2025-10-01,디카페인 아메리카노,커피,5,25000
2025-10-02,아메리카노,커피,59,265500
2025-10-02,카페라떼,라떼/기타,44,220000
2025-10-02,바닐라라떼,라떼/기타,19,104500
2025-10-02,콜드브루,커피,25,137500
2025-10-02,카푸치노,라떼/기타,14,70000
2025-10-02,녹차라떼,라떼/기타,12,66000
2025-10-02,초코라떼,라떼/기타,10,55000
2025-10-02,에스프레소,커피,10,35000
2025-10-02,디카페인 아메리카노,커피,4,20000
2025-10-03,아메리카노,커피,125,562500
2025-10-03,카페라떼,라떼/기타,34,170000
2025-10-03,바닐라라떼,라떼/기타,40,220000
2025-10-03,콜드브루,커피,28,154000
2025-10-03,카푸치노,라떼/기타,16,80000
2025-10-03,녹차라떼,라떼/기타,19,104500
2025-10-03,초코라떼,라떼/기타,13,71500
2025-10-03,에스프레소,커피,10,35000
2025-10-03,디카페인 아메리카노,커피,11,55000
2025-10-04,아메리카노,커피,138,621000
2025-10-04,카페라떼,라떼/기타,61,305000
2025-10-04,바닐라라떼,라떼/기타,32,176000
2025-10-04,콜드브루,커피,27,148500
2025-10-04,카푸치노,라떼/기타,14,70000
2025-10-04,녹차라떼,라떼/기타,17,93500
2025-10-04,초코라떼,라떼/기타,14,77000
2025-10-04,에스프레소,커피,10,35000
2025-10-04,디카페인 아메리카노,커피,9,45000
2025-10-05,아메리카노,커피,118,531000
2025-10-05,카페라떼,라떼/기타,43,215000
2025-10-05,바닐라라떼,라떼/기타,35,192500
2025-10-05,콜드브루,커피,28,154000
2025-10-05,카푸치노,라떼/기타,16,80000
2025-10-05,녹차라떼,라떼/기타,16,88000
2025-10-05,초코라떼,라떼/기타,10,55000
2025-10-05,에스프레소,커피,12,42000
2025-10-05,디카페인 아메리카노,커피,8,40000
2025-10-06,아메리카노,커피,62,279000
2025-10-06,카페라떼,라떼/기타,45,225000
2025-10-06,바닐라라떼,라떼/기타,23,126500
2025-10-06,콜드브루,커피,14,77000
2025-10-06,카푸치노,라떼/기타,13,65000
2025-10-06,녹차라떼,라떼/기타,14,77000
2025-10-06,초코라떼,라떼/기타,11,60500
2025-10-06,에스프레소,커피,7,24500
2025-10-06,디카페인 아메리카노,커피,7,35000
2025-10-07,아메리카노,커피,48,216000
2025-10-07,카페라떼,라떼/기타,56,280000
2025-10-07,바닐라라떼,라떼/기타,25,137500
2025-10-07,콜드브루,커피,35,192500
2025-10-07,카푸치노,라떼/기타,16,80000
2025-10-07,녹차라떼,라떼/기타,15,82500
2025-10-07,초코라떼,라떼/기타,12,66000
2025-10-07,에스프레소,커피,6,21000
2025-10-07,디카페인 아메리카노,커피,5,25000
2025-10-08,아메리카노,커피,85,382500
2025-10-08,카페라떼,라떼/기타,57,285000
2025-10-08,바닐라라떼,라떼/기타,29,159500
2025-10-08,콜드브루,커피,29,159500
2025-10-08,카푸치노,라떼/기타,17,85000
2025-10-08,녹차라떼,라떼/기타,10,55000
2025-10-08,초코라떼,라떼/기타,9,49500
2025-10-08,에스프레소,커피,10,35000
2025-10-08,디카페인 아메리카노,커피,5,25000
2025-10-09,아메리카노,커피,91,409500
2025-10-09,카페라떼,라떼/기타,66,330000
2025-10-09,바닐라라떼,라떼/기타,31,170500
2025-10-09,콜드브루,커피,26,143000
2025-10-09,카푸치노,라떼/기타,14,70000
2025-10-09,녹차라떼,라떼/기타,15,82500
2025-10-09,초코라떼,라떼/기타,14,77000
2025-10-09,에스프레소,커피,8,28000
2025-10-09,디카페인 아메리카노,커피,8,40000
2025-10-10,아메리카노,커피,75,337500
2025-10-10,카페라떼,라떼/기타,40,200000
2025-10-10,바닐라라떼,라떼/기타,27,148500
2025-10-10,콜드브루,커피,26,143000
2025-10-10,카푸치노,라떼/기타,18,90000
2025-10-10,녹차라떼,라떼/기타,10,55000
2025-10-10,초코라떼,라떼/기타,10,55000
2025-10-10,에스프레소,커피,6,21000
2025-10-10,디카페인 아메리카노,커피,6,30000
2025-10-11,아메리카노,커피,97,436500
2025-10-11,카페라떼,라떼/기타,42,210000
2025-10-11,바닐라라떼,라떼/기타,27,148500
2025-10-11,콜드브루,커피,24,132000
2025-10-11,카푸치노,라떼/기타,16,80000
2025-10-11,녹차라떼,라떼/기타,11,60500
2025-10-11,초코라떼,라떼/기타,8,44000
2025-10-11,에스프레소,커피,8,28000
2025-10-11,디카페인 아메리카노,커피,7,35000
2025-10-12,아메리카노,커피,58,261000
2025-10-12,카페라떼,라떼/기타,54,270000
2025-10-12,바닐라라떼,라떼/기타,16,88000
2025-10-12,콜드브루,커피,10,55000
2025-10-12,카푸치노,라떼/기타,17,85000
2025-10-12,녹차라떼,라떼/기타,12,66000
2025-10-12,초코라떼,라떼/기타,9,49500
2025-10-12,에스프레소,커피,5,17500
2025-10-12,디카페인 아메리카노,커피,5,25000
2025-10-13,아메리카노,커피,43,193500
2025-10-13,카페라떼,라떼/기타,16,80000
2025-10-13,바닐라라떼,라떼/기타,14,77000
2025-10-13,콜드브루,커피,15,82500
2025-10-13,카푸치노,라떼/기타,8,40000
2025-10-13,녹차라떼,라떼/기타,7,38500
2025-10-13,초코라떼,라떼/기타,7,38500
2025-10-13,에스프레소,커피,6,21000
2025-10-13,디카페인 아메리카노,커피,3,15000
2025-10-14,아메리카노,커피,80,360000
2025-10-14,카페라떼,라떼/기타,39,195000
2025-10-14,바닐라라떼,라떼/기타,27,148500
2025-10-14,콜드브루,커피,16,88000
2025-10-14,카푸치노,라떼/기타,18,90000
2025-10-14,녹차라떼,라떼/기타,11,60500
2025-10-14,초코라떼,라떼/기타,8,44000
2025-10-14,에스프레소,커피,6,21000
2025-10-14,디카페인 아메리카노,커피,6,30000
2025-10-15,아메리카노,커피,45,202500
2025-10-15,카페라떼,라떼/기타,23,115000
2025-10-15,바닐라라떼,라떼/기타,12,66000
2025-10-15,콜드브루,커피,11,60500
2025-10-15,카푸치노,라떼/기타,7,35000
2025-10-15,녹차라떼,라떼/기타,6,33000
2025-10-15,초코라떼,라떼/기타,7,38500
2025-10-15,에스프레소,커피,6,21000
2025-10-15,디카페인 아메리카노,커피,6,30000
2025-10-16,아메리카노,커피,76,342000
2025-10-16,카페라떼,라떼/기타,37,185000
2025-10-16,바닐라라떼,라떼/기타,23,126500
2025-10-16,콜드브루,커피,18,99000
2025-10-16,카푸치노,라떼/기타,9,45000
2025-10-16,녹차라떼,라떼/기타,12,66000
2025-10-16,초코라떼,라떼/기타,10,55000
2025-10-16,에스프레소,커피,5,17500
2025-10-16,디카페인 아메리카노,커피,5,25000
2025-10-17,아메리카노,커피,76,342000
2025-10-17,카페라떼,라떼/기타,34,170000
2025-10-17,바닐라라떼,라떼/기타,22,121000
2025-10-17,콜드브루,커피,21,115500
2025-10-17,카푸치노,라떼/기타,11,55000
2025-10-17,녹차라떼,라떼/기타,10,55000
2025-10-17,초코라떼,라떼/기타,10,55000
2025-10-17,에스프레소,커피,7,24500
2025-10-17,디카페인 아메리카노,커피,7,35000
2025-10-18,아메리카노,커피,98,441000
2025-10-18,카페라떼,라떼/기타,52,260000
2025-10-18,바닐라라떼,라떼/기타,18,99000
2025-10-18,콜드브루,커피,28,154000
2025-10-18,카푸치노,라떼/기타,16,80000
2025-10-18,녹차라떼,라떼/기타,18,99000
2025-10-18,초코라떼,라떼/기타,14,77000
2025-10-18,에스프레소,커피,10,35000
2025-10-18,디카페인 아메리카노,커피,5,25000
2025-10-19,아메리카노,커피,79,355500
2025-10-19,카페라떼,라떼/기타,34,170000
2025-10-19,바닐라라떼,라떼/기타,17,93500
2025-10-19,콜드브루,커피,20,110000
2025-10-19,카푸치노,라떼/기타,17,85000
2025-10-19,녹차라떼,라떼/기타,8,44000
2025-10-19,초코라떼,라떼/기타,8,44000
2025-10-19,에스프레소,커피,4,14000
2025-10-19,디카페인 아메리카노,커피,6,30000
2025-10-20,아메리카노,커피,56,252000
2025-10-20,카페라떼,라떼/기타,38,190000
2025-10-20,바닐라라떼,라떼/기타,17,93500
2025-10-20,콜드브루,커피,13,71500
2025-10-20,카푸치노,라떼/기타,12,60000
2025-10-20,녹차라떼,라떼/기타,13,71500
2025-10-20,초코라떼,라떼/기타,8,44000
2025-10-20,에스프레소,커피,5,17500
2025-10-20,디카페인 아메리카노,커피,3,15000
2025-10-21,아메리카노,커피,48,216000
2025-10-21,카페라떼,라떼/기타,47,235000
2025-10-21,바닐라라떼,라떼/기타,13,71500
2025-10-21,콜드브루,커피,14,77000
2025-10-21,카푸치노,라떼/기타,12,60000
2025-10-21,녹차라떼,라떼/기타,14,77000
2025-10-21,초코라떼,라떼/기타,6,33000
2025-10-21,에스프레소,커피,7,24500
2025-10-21,디카페인 아메리카노,커피,5,25000
2025-10-22,아메리카노,커피,63,283500
2025-10-22,카페라떼,라떼/기타,48,240000
2025-10-22,바닐라라떼,라떼/기타,18,99000
2025-10-22,콜드브루,커피,20,110000
2025-10-22,카푸치노,라떼/기타,15,75000
2025-10-22,녹차라떼,라떼/기타,12,66000
2025-10-22,초코라떼,라떼/기타,9,49500
2025-10-22,에스프레소,커피,9,31500
2025-10-22,디카페인 아메리카노,커피,5,25000
2025-10-23,아메리카노,커피,68,306000
2025-10-23,카페라떼,라떼/기타,11,55000
2025-10-23,바닐라라떼,라떼/기타,16,88000
2025-10-23,콜드브루,커피,15,82500
2025-10-23,카푸치노,라떼/기타,9,45000
2025-10-23,녹차라떼,라떼/기타,8,44000
2025-10-23,초코라떼,라떼/기타,7,38500
2025-10-23,에스프레소,커피,5,17500
2025-10-23,디카페인 아메리카노,커피,5,25000
2025-10-24,아메리카노,커피,74,333000
2025-10-24,카페라떼,라떼/기타,60,300000
2025-10-24,바닐라라떼,라떼/기타,30,165000
2025-10-24,콜드브루,커피,17,93500
2025-10-24,카푸치노,라떼/기타,23,115000
2025-10-24,녹차라떼,라떼/기타,16,88000
2025-10-24,초코라떼,라떼/기타,14,77000
2025-10-24,에스프레소,커피,9,31500
2025-10-24,디카페인 아메리카노,커피,7,35000
2025-10-25,아메리카노,커피,113,508500
2025-10-25,카페라떼,라떼/기타,60,300000
2025-10-25,바닐라라떼,라떼/기타,25,137500
2025-10-25,콜드브루,커피,21,115500
2025-10-25,카푸치노,라떼/기타,22,110000
2025-10-25,녹차라떼,라떼/기타,14,77000
2025-10-25,초코라떼,라떼/기타,12,66000
2025-10-25,에스프레소,커피,11,38500
2025-10-25,디카페인 아메리카노,커피,5,25000
2025-10-26,아메리카노,커피,46,207000
2025-10-26,카페라떼,라떼/기타,44,220000
2025-10-26,바닐라라떼,라떼/기타,16,88000
2025-10-26,콜드브루,커피,20,110000
2025-10-26,카푸치노,라떼/기타,8,40000
2025-10-26,녹차라떼,라떼/기타,12,66000
2025-10-26,초코라떼,라떼/기타,12,66000
2025-10-26,에스프레소,커피,4,14000
2025-10-26,디카페인 아메리카노,커피,6,30000
2025-10-27,아메리카노,커피,66,297000
2025-10-27,카페라떼,라떼/기타,35,175000
2025-10-27,바닐라라떼,라떼/기타,12,66000
2025-10-27,콜드브루,커피,20,110000
2025-10-27,카푸치노,라떼/기타,11,55000
2025-10-27,녹차라떼,라떼/기타,7,38500
2025-10-27,초코라떼,라떼/기타,8,44000
2025-10-27,에스프레소,커피,9,31500
2025-10-27,디카페인 아메리카노,커피,6,30000
2025-10-28,아메리카노,커피,58,261000
2025-10-28,카페라떼,라떼/기타,43,215000
2025-10-28,바닐라라떼,라떼/기타,16,88000
2025-10-28,콜드브루,커피,18,99000
2025-10-28,카푸치노,라떼/기타,12,60000
2025-10-28,녹차라떼,라떼/기타,9,49500
2025-10-28,초코라떼,라떼/기타,10,55000
2025-10-28,에스프레소,커피,7,24500
2025-10-28,디카페인 아메리카노,커피,6,30000
2025-10-29,아메리카노,커피,78,351000
2025-10-29,카페라떼,라떼/기타,37,185000
2025-10-29,바닐라라떼,라떼/기타,20,110000
2025-10-29,콜드브루,커피,13,71500
2025-10-29,카푸치노,라떼/기타,8,40000
2025-10-29,녹차라떼,라떼/기타,9,49500
2025-10-29,초코라떼,라떼/기타,9,49500
2025-10-29,에스프레소,커피,7,24500
2025-10-29,디카페인 아메리카노,커피,5,25000
2025-10-30,아메리카노,커피,93,418500
2025-10-30,카페라떼,라떼/기타,43,215000
2025-10-30,바닐라라떼,라떼/기타,26,143000
2025-10-30,콜드브루,커피,16,88000
2025-10-30,카푸치노,라떼/기타,16,80000
2025-10-30,녹차라떼,라떼/기타,10,55000
2025-10-30,초코라떼,라떼/기타,5,27500
2025-10-30,에스프레소,커피,4,14000
2025-10-30,디카페인 아메리카노,커피,5,25000
2025-10-31,아메리카노,커피,58,261000
2025-10-31,카페라떼,라떼/기타,36,180000
2025-10-31,바닐라라떼,라떼/기타,27,148500
2025-10-31,콜드브루,커피,28,154000
2025-10-31,카푸치노,라떼/기타,16,80000
2025-10-31,녹차라떼,라떼/기타,14,77000
2025-10-31,초코라떼,라떼/기타,11,60500
2025-10-31,에스프레소,커피,8,28000
2025-10-31,디카페인 아메리카노,커피,6,30000
2025-11-01,아메리카노,커피,62,279000
2025-11-01,카페라떼,라떼/기타,59,295000
2025-11-01,바닐라라떼,라떼/기타,34,187000
2025-11-01,콜드브루,커피,27,148500
2025-11-01,카푸치노,라떼/기타,19,95000
2025-11-01,녹차라떼,라떼/기타,13,71500
2025-11-01,초코라떼,라떼/기타,14,77000
2025-11-01,에스프레소,커피,9,31500
2025-11-01,디카페인 아메리카노,커피,8,40000
2025-11-02,아메리카노,커피,70,315000
2025-11-02,카페라떼,라떼/기타,51,255000
2025-11-02,바닐라라떼,라떼/기타,14,77000
2025-11-02,콜드브루,커피,12,66000
2025-11-02,카푸치노,라떼/기타,14,70000
2025-11-02,녹차라떼,라떼/기타,10,55000
2025-11-02,초코라떼,라떼/기타,12,66000
2025-11-02,에스프레소,커피,8,28000
2025-11-02,디카페인 아메리카노,커피,5,25000
2025-11-03,아메리카노,커피,39,175500
2025-11-03,카페라떼,라떼/기타,27,135000
2025-11-03,바닐라라떼,라떼/기타,15,82500
2025-11-03,콜드브루,커피,10,55000
2025-11-03,카푸치노,라떼/기타,9,45000
2025-11-03,녹차라떼,라떼/기타,8,44000
2025-11-03,초코라떼,라떼/기타,7,38500
2025-11-03,에스프레소,커피,6,21000
2025-11-03,디카페인 아메리카노,커피,5,25000
2025-11-04,아메리카노,커피,63,283500
2025-11-04,카페라떼,라떼/기타,37,185000
2025-11-04,바닐라라떼,라떼/기타,16,88000
2025-11-04,콜드브루,커피,22,121000
2025-11-04,카푸치노,라떼/기타,10,50000
2025-11-04,녹차라떼,라떼/기타,8,44000
2025-11-04,초코라떼,라떼/기타,3,16500
2025-11-04,에스프레소,커피,7,24500
2025-11-04,디카페인 아메리카노,커피,6,30000
2025-11-05,아메리카노,커피,47,211500
2025-11-05,카페라떼,라떼/기타,24,120000
2025-11-05,바닐라라떼,라떼/기타,16,88000
2025-11-05,콜드브루,커피,17,93500
2025-11-05,카푸치노,라떼/기타,6,30000
2025-11-05,녹차라떼,라떼/기타,10,55000
2025-11-05,초코라떼,라떼/기타,8,44000
2025-11-05,에스프레소,커피,7,24500
2025-11-05,디카페인 아메리카노,커피,6,30000
2025-11-06,아메리카노,커피,43,193500
2025-11-06,카페라떼,라떼/기타,38,190000
2025-11-06,바닐라라떼,라떼/기타,19,104500
2025-11-06,콜드브루,커피,20,110000
2025-11-06,카푸치노,라떼/기타,9,45000
2025-11-06,녹차라떼,라떼/기타,11,60500
2025-11-06,초코라떼,라떼/기타,10,55000
2025-11-06,에스프레소,커피,6,21000
2025-11-06,디카페인 아메리카노,커피,6,30000
2025-11-07,아메리카노,커피,56,252000
2025-11-07,카페라떼,라떼/기타,34,170000
2025-11-07,바닐라라떼,라떼/기타,20,110000
2025-11-07,콜드브루,커피,19,104500
2025-11-07,카푸치노,라떼/기타,15,75000
2025-11-07,녹차라떼,라떼/기타,14,77000
2025-11-07,초코라떼,라떼/기타,11,60500
2025-11-07,에스프레소,커피,8,28000
2025-11-07,디카페인 아메리카노,커피,6,30000
2025-11-08,아메리카노,커피,87,391500
2025-11-08,카페라떼,라떼/기타,47,235000
2025-11-08,바닐라라떼,라떼/기타,24,132000
2025-11-08,콜드브루,커피,23,126500
2025-11-08,카푸치노,라떼/기타,14,70000
2025-11-08,녹차라떼,라떼/기타,16,88000
2025-11-08,초코라떼,라떼/기타,12,66000
2025-11-08,에스프레소,커피,7,24500
2025-11-08,디카페인 아메리카노,커피,7,35000
2025-11-09,아메리카노,커피,65,292500
2025-11-09,카페라떼,라떼/기타,37,185000
2025-11-09,바닐라라떼,라떼/기타,20,110000
2025-11-09,콜드브루,커피,25,137500
2025-11-09,카푸치노,라떼/기타,13,65000
2025-11-09,녹차라떼,라떼/기타,14,77000
2025-11-09,초코라떼,라떼/기타,11,60500
2025-11-09,에스프레소,커피,5,17500
2025-11-09,디카페인 아메리카노,커피,3,15000
2025-11-10,아메리카노,커피,46,207000
2025-11-10,카페라떼,라떼/기타,34,170000
2025-11-10,바닐라라떼,라떼/기타,14,77000
2025-11-10,콜드브루,커피,18,99000
2025-11-10,카푸치노,라떼/기타,8,40000
2025-11-10,녹차라떼,라떼/기타,9,49500
2025-11-10,초코라떼,라떼/기타,6,33000
2025-11-10,에스프레소,커피,4,14000
2025-11-10,디카페인 아메리카노,커피,4,20000
2025-11-11,아메리카노,커피,46,207000
2025-11-11,카페라떼,라떼/기타,33,165000
2025-11-11,바닐라라떼,라떼/기타,19,104500
2025-11-11,콜드브루,커피,21,115500
2025-11-11,카푸치노,라떼/기타,16,80000
2025-11-11,녹차라떼,라떼/기타,7,38500
2025-11-11,초코라떼,라떼/기타,7,38500
2025-11-11,에스프레소,커피,6,21000
2025-11-11,디카페인 아메리카노,커피,3,15000
2025-11-12,아메리카노,커피,62,279000
2025-11-12,카페라떼,라떼/기타,29,145000
2025-11-12,바닐라라떼,라떼/기타,20,110000
2025-11-12,콜드브루,커피,16,88000
2025-11-12,카푸치노,라떼/기타,11,55000
2025-11-12,녹차라떼,라떼/기타,10,55000
2025-11-12,초코라떼,라떼/기타,10,55000
2025-11-12,에스프레소,커피,7,24500
2025-11-12,디카페인 아메리카노,커피,6,30000
2025-11-13,아메리카노,커피,71,319500
2025-11-13,카페라떼,라떼/기타,42,210000
2025-11-13,바닐라라떼,라떼/기타,24,132000
2025-11-13,콜드브루,커피,11,60500
2025-11-13,카푸치노,라떼/기타,13,65000
2025-11-13,녹차라떼,라떼/기타,10,55000
2025-11-13,초코라떼,라떼/기타,6,33000
2025-11-13,에스프레소,커피,7,24500
2025-11-13,디카페인 아메리카노,커피,6,30000
2025-11-14,아메리카노,커피,104,468000
2025-11-14,카페라떼,라떼/기타,44,220000
2025-11-14,바닐라라떼,라떼/기타,27,148500
2025-11-14,콜드브루,커피,24,132000
2025-11-14,카푸치노,라떼/기타,13,65000
2025-11-14,녹차라떼,라떼/기타,10,55000
2025-11-14,초코라떼,라떼/기타,7,38500
2025-11-14,에스프레소,커피,7,24500
2025-11-14,디카페인 아메리카노,커피,5,25000
2025-11-15,아메리카노,커피,72,324000
2025-11-15,카페라떼,라떼/기타,49,245000
2025-11-15,바닐라라떼,라떼/기타,22,121000
2025-11-15,콜드브루,커피,30,165000
2025-11-15,카푸치노,라떼/기타,14,70000
2025-11-15,녹차라떼,라떼/기타,13,71500
2025-11-15,초코라떼,라떼/기타,11,60500
2025-11-15,에스프레소,커피,9,31500
2025-11-15,디카페인 아메리카노,커피,5,25000
2025-11-16,아메리카노,커피,64,288000
2025-11-16,카페라떼,라떼/기타,43,215000
2025-11-16,바닐라라떼,라떼/기타,14,77000
2025-11-16,콜드브루,커피,15,82500
2025-11-16,카푸치노,라떼/기타,15,75000
2025-11-16,녹차라떼,라떼/기타,12,66000
2025-11-16,초코라떼,라떼/기타,9,49500
2025-11-16,에스프레소,커피,6,21000
2025-11-16,디카페인 아메리카노,커피,5,25000
2025-11-17,아메리카노,커피,49,220500
2025-11-17,카페라떼,라떼/기타,22,110000
2025-11-17,바닐라라떼,라떼/기타,19,104500
2025-11-17,콜드브루,커피,9,49500
2025-11-17,카푸치노,라떼/기타,11,55000
2025-11-17,녹차라떼,라떼/기타,10,55000
2025-11-17,초코라떼,라떼/기타,6,33000
2025-11-17,에스프레소,커피,6,21000
2025-11-17,디카페인 아메리카노,커피,4,20000
2025-11-18,아메리카노,커피,47,211500
2025-11-18,카페라떼,라떼/기타,28,140000
2025-11-18,바닐라라떼,라떼/기타,11,60500
2025-11-18,콜드브루,커피,15,82500
2025-11-18,카푸치노,라떼/기타,11,55000
2025-11-18,녹차라떼,라떼/기타,10,55000
2025-11-18,초코라떼,라떼/기타,7,38500
2025-11-18,에스프레소,커피,7,24500
2025-11-18,디카페인 아메리카노,커피,4,20000
2025-11-19,아메리카노,커피,61,274500
2025-11-19,카페라떼,라떼/기타,31,155000
2025-11-19,바닐라라떼,라떼/기타,15,82500
2025-11-19,콜드브루,커피,16,88000
2025-11-19,카푸치노,라떼/기타,10,50000
2025-11-19,녹차라떼,라떼/기타,7,38500
2025-11-19,초코라떼,라떼/기타,8,44000
2025-11-19,에스프레소,커피,6,21000
2025-11-19,디카페인 아메리카노,커피,5,25000
2025-11-20,아메리카노,커피,51,229500
2025-11-20,카페라떼,라떼/기타,22,110000
2025-11-20,바닐라라떼,라떼/기타,17,93500
2025-11-20,콜드브루,커피,10,55000
2025-11-20,카푸치노,라떼/기타,5,25000
2025-11-20,녹차라떼,라떼/기타,11,60500
2025-11-20,초코라떼,라떼/기타,5,27500
2025-11-20,에스프레소,커피,6,21000
2025-11-20,디카페인 아메리카노,커피,4,20000
2025-11-21,아메리카노,커피,54,243000
2025-11-21,카페라떼,라떼/기타,36,180000
2025-11-21,바닐라라떼,라떼/기타,21,115500
2025-11-21,콜드브루,커피,19,104500
2025-11-21,카푸치노,라떼/기타,11,55000
2025-11-21,녹차라떼,라떼/기타,13,71500
2025-11-21,초코라떼,라떼/기타,6,33000
2025-11-21,에스프레소,커피,8,28000
2025-11-21,디카페인 아메리카노,커피,4,20000
2025-11-22,아메리카노,커피,81,364500
2025-11-22,카페라떼,라떼/기타,29,145000
2025-11-22,바닐라라떼,라떼/기타,31,170500
2025-11-22,콜드브루,커피,24,132000
2025-11-22,카푸치노,라떼/기타,14,70000
2025-11-22,녹차라떼,라떼/기타,10,55000
2025-11-22,초코라떼,라떼/기타,11,60500
2025-11-22,에스프레소,커피,8,28000
2025-11-22,디카페인 아메리카노,커피,6,30000
2025-11-23,아메리카노,커피,64,288000
2025-11-23,카페라떼,라떼/기타,44,220000
2025-11-23,바닐라라떼,라떼/기타,14,77000
2025-11-23,콜드브루,커피,22,121000
2025-11-23,카푸치노,라떼/기타,14,70000
2025-11-23,녹차라떼,라떼/기타,11,60500
2025-11-23,초코라떼,라떼/기타,9,49500
2025-11-23,에스프레소,커피,7,24500
2025-11-23,디카페인 아메리카노,커피,7,35000
2025-11-24,아메리카노,커피,63,283500
2025-11-24,카페라떼,라떼/기타,32,160000
2025-11-24,바닐라라떼,라떼/기타,15,82500
2025-11-24,콜드브루,커피,14,77000
2025-11-24,카푸치노,라떼/기타,12,60000
2025-11-24,녹차라떼,라떼/기타,10,55000
2025-11-24,초코라떼,라떼/기타,8,44000
2025-11-24,에스프레소,커피,7,24500
2025-11-24,디카페인 아메리카노,커피,4,20000
2025-11-25,아메리카노,커피,72,324000
2025-11-25,카페라떼,라떼/기타,21,105000
2025-11-25,바닐라라떼,라떼/기타,19,104500
2025-11-25,콜드브루,커피,17,93500
2025-11-25,카푸치노,라떼/기타,16,80000
2025-11-25,녹차라떼,라떼/기타,10,55000
2025-11-25,초코라떼,라떼/기타,7,38500
2025-11-25,에스프레소,커피,8,28000
2025-11-25,디카페인 아메리카노,커피,5,25000
2025-11-26,아메리카노,커피,53,238500
2025-11-26,카페라떼,라떼/기타,29,145000
2025-11-26,바닐라라떼,라떼/기타,15,82500
2025-11-26,콜드브루,커피,21,115500
2025-11-26,카푸치노,라떼/기타,11,55000
2025-11-26,녹차라떼,라떼/기타,7,38500
2025-11-26,초코라떼,라떼/기타,6,33000
2025-11-26,에스프레소,커피,4,14000
2025-11-26,디카페인 아메리카노,커피,6,30000
2025-11-27,아메리카노,커피,65,292500
2025-11-27,카페라떼,라떼/기타,28,140000
2025-11-27,바닐라라떼,라떼/기타,22,121000
2025-11-27,콜드브루,커피,14,77000
2025-11-27,카푸치노,라떼/기타,8,40000
2025-11-27,녹차라떼,라떼/기타,13,71500
2025-11-27,초코라떼,라떼/기타,8,44000
2025-11-27,에스프레소,커피,6,21000
2025-11-27,디카페인 아메리카노,커피,5,25000
2025-11-28,아메리카노,커피,87,391500
2025-11-28,카페라떼,라떼/기타,56,280000
2025-11-28,바닐라라떼,라떼/기타,23,126500
2025-11-28,콜드브루,커피,26,143000
2025-11-28,카푸치노,라떼/기타,12,60000
2025-11-28,녹차라떼,라떼/기타,11,60500
2025-11-28,초코라떼,라떼/기타,14,77000
2025-11-28,에스프레소,커피,7,24500
2025-11-28,디카페인 아메리카노,커피,6,30000
2025-11-29,아메리카노,커피,77,346500
2025-11-29,카페라떼,라떼/기타,32,160000
2025-11-29,바닐라라떼,라떼/기타,24,132000
2025-11-29,콜드브루,커피,18,99000
2025-11-29,카푸치노,라떼/기타,21,105000
2025-11-29,녹차라떼,라떼/기타,10,55000
2025-11-29,초코라떼,라떼/기타,11,60500
2025-11-29,에스프레소,커피,6,21000
2025-11-29,디카페인 아메리카노,커피,5,25000
2025-11-30,아메리카노,커피,68,306000
2025-11-30,카페라떼,라떼/기타,24,120000
2025-11-30,바닐라라떼,라떼/기타,16,88000
2025-11-30,콜드브루,커피,15,82500
2025-11-30,카푸치노,라떼/기타,12,60000
2025-11-30,녹차라떼,라떼/기타,10,55000
2025-11-30,초코라떼,라떼/기타,7,38500
2025-11-30,에스프레소,커피,4,14000
2025-11-30,디카페인 아메리카노,커피,4,20000
2025-12-01,아메리카노,커피,48,216000
2025-12-01,카페라떼,라떼/기타,20,100000
2025-12-01,바닐라라떼,라떼/기타,15,82500
2025-12-01,콜드브루,커피,11,60500
2025-12-01,카푸치노,라떼/기타,9,45000
2025-12-01,녹차라떼,라떼/기타,7,38500
2025-12-01,초코라떼,라떼/기타,4,22000
2025-12-01,에스프레소,커피,4,14000
2025-12-01,디카페인 아메리카노,커피,4,20000
2025-12-02,아메리카노,커피,40,180000
2025-12-02,카페라떼,라떼/기타,32,160000
2025-12-02,바닐라라떼,라떼/기타,18,99000
2025-12-02,콜드브루,커피,9,49500
2025-12-02,카푸치노,라떼/기타,17,85000
2025-12-02,녹차라떼,라떼/기타,8,44000
2025-12-02,초코라떼,라떼/기타,7,38500
2025-12-02,에스프레소,커피,6,21000
2025-12-02,디카페인 아메리카노,커피,4,20000
2025-12-03,아메리카노,커피,69,310500
2025-12-03,카페라떼,라떼/기타,35,175000
2025-12-03,바닐라라떼,라떼/기타,21,115500
2025-12-03,콜드브루,커피,17,93500
2025-12-03,카푸치노,라떼/기타,15,75000
2025-12-03,녹차라떼,라떼/기타,13,71500
2025-12-03,초코라떼,라떼/기타,7,38500
2025-12-03,에스프레소,커피,4,14000
2025-12-03,디카페인 아메리카노,커피,4,20000
2025-12-04,아메리카노,커피,54,243000
2025-12-04,카페라떼,라떼/기타,20,100000
2025-12-04,바닐라라떼,라떼/기타,18,99000
2025-12-04,콜드브루,커피,13,71500
2025-12-04,카푸치노,라떼/기타,9,45000
2025-12-04,녹차라떼,라떼/기타,12,66000
2025-12-04,초코라떼,라떼/기타,9,49500
2025-12-04,에스프레소,커피,7,24500
2025-12-04,디카페인 아메리카노,커피,4,20000
2025-12-05,아메리카노,커피,36,162000
2025-12-05,카페라떼,라떼/기타,48,240000
2025-12-05,바닐라라떼,라떼/기타,16,88000
2025-12-05,콜드브루,커피,11,60500
2025-12-05,카푸치노,라떼/기타,11,55000
2025-12-05,녹차라떼,라떼/기타,8,44000
2025-12-05,초코라떼,라떼/기타,9,49500
2025-12-05,에스프레소,커피,8,28000
2025-12-05,디카페인 아메리카노,커피,4,20000
2025-12-06,아메리카노,커피,64,288000
2025-12-06,카페라떼,라떼/기타,28,140000
2025-12-06,바닐라라떼,라떼/기타,16,88000
2025-12-06,콜드브루,커피,17,93500
2025-12-06,카푸치노,라떼/기타,16,80000
2025-12-06,녹차라떼,라떼/기타,10,55000
2025-12-06,초코라떼,라떼/기타,10,55000
2025-12-06,에스프레소,커피,11,38500
2025-12-06,디카페인 아메리카노,커피,4,20000
2025-12-07,아메리카노,커피,69,310500
2025-12-07,카페라떼,라떼/기타,28,140000
2025-12-07,바닐라라떼,라떼/기타,13,71500
2025-12-07,콜드브루,커피,11,60500
2025-12-07,카푸치노,라떼/기타,7,35000
2025-12-07,녹차라떼,라떼/기타,9,49500
2025-12-07,초코라떼,라떼/기타,8,44000
2025-12-07,에스프레소,커피,6,21000
2025-12-07,디카페인 아메리카노,커피,4,20000
2025-12-08,아메리카노,커피,39,175500
2025-12-08,카페라떼,라떼/기타,40,200000
2025-12-08,바닐라라떼,라떼/기타,14,77000
2025-12-08,콜드브루,커피,14,77000
2025-12-08,카푸치노,라떼/기타,10,50000
2025-12-08,녹차라떼,라떼/기타,8,44000
2025-12-08,초코라떼,라떼/기타,8,44000
2025-12-08,에스프레소,커피,6,21000
2025-12-08,디카페인 아메리카노,커피,4,20000
2025-12-09,아메리카노,커피,50,225000
2025-12-09,카페라떼,라떼/기타,36,180000
2025-12-09,바닐라라떼,라떼/기타,17,93500
2025-12-09,콜드브루,커피,20,110000
2025-12-09,카푸치노,라떼/기타,10,50000
2025-12-09,녹차라떼,라떼/기타,9,49500
2025-12-09,초코라떼,라떼/기타,10,55000
2025-12-09,에스프레소,커피,5,17500
2025-12-09,디카페인 아메리카노,커피,4,20000
2025-12-10,아메리카노,커피,66,297000
2025-12-10,카페라떼,라떼/기타,34,170000
2025-12-10,바닐라라떼,라떼/기타,22,121000
2025-12-10,콜드브루,커피,15,82500
2025-12-10,카푸치노,라떼/기타,8,40000
2025-12-10,녹차라떼,라떼/기타,10,55000
2025-12-10,초코라떼,라떼/기타,9,49500
2025-12-10,에스프레소,커피,6,21000
2025-12-10,디카페인 아메리카노,커피,4,20000
2025-12-11,아메리카노,커피,66,297000
2025-12-11,카페라떼,라떼/기타,47,235000
2025-12-11,바닐라라떼,라떼/기타,15,82500
2025-12-11,콜드브루,커피,20,110000
2025-12-11,카푸치노,라떼/기타,11,55000
2025-12-11,녹차라떼,라떼/기타,9,49500
2025-12-11,초코라떼,라떼/기타,8,44000
2025-12-11,에스프레소,커피,8,28000
2025-12-11,디카페인 아메리카노,커피,6,30000
2025-12-12,아메리카노,커피,37,166500
2025-12-12,카페라떼,라떼/기타,31,155000
2025-12-12,바닐라라떼,라떼/기타,18,99000
2025-12-12,콜드브루,커피,13,71500
2025-12-12,카푸치노,라떼/기타,12,60000
2025-12-12,녹차라떼,라떼/기타,11,60500
2025-12-12,초코라떼,라떼/기타,7,38500
2025-12-12,에스프레소,커피,7,24500
2025-12-12,디카페인 아메리카노,커피,4,20000
2025-12-13,아메리카노,커피,85,382500
2025-12-13,카페라떼,라떼/기타,48,240000
2025-12-13,바닐라라떼,라떼/기타,24,132000
2025-12-13,콜드브루,커피,27,148500
2025-12-13,카푸치노,라떼/기타,13,65000
2025-12-13,녹차라떼,라떼/기타,9,49500
2025-12-13,초코라떼,라떼/기타,11,60500
2025-12-13,에스프레소,커피,11,38500
2025-12-13,디카페인 아메리카노,커피,6,30000
2025-12-14,아메리카노,커피,70,315000
2025-12-14,카페라떼,라떼/기타,34,170000
2025-12-14,바닐라라떼,라떼/기타,23,126500
2025-12-14,콜드브루,커피,23,126500
2025-12-14,카푸치노,라떼/기타,15,75000
2025-12-14,녹차라떼,라떼/기타,12,66000
2025-12-14,초코라떼,라떼/기타,11,60500
2025-12-14,에스프레소,커피,5,17500
2025-12-14,디카페인 아메리카노,커피,5,25000
2025-12-15,아메리카노,커피,48,216000
2025-12-15,카페라떼,라떼/기타,33,165000
2025-12-15,바닐라라떼,라떼/기타,12,66000
2025-12-15,콜드브루,커피,18,99000
2025-12-15,카푸치노,라떼/기타,12,60000
2025-12-15,녹차라떼,라떼/기타,11,60500
2025-12-15,초코라떼,라떼/기타,7,38500
2025-12-15,에스프레소,커피,5,17500
2025-12-15,디카페인 아메리카노,커피,5,25000
2025-12-16,아메리카노,커피,40,180000
2025-12-16,카페라떼,라떼/기타,39,195000
2025-12-16,바닐라라떼,라떼/기타,10,55000
2025-12-16,콜드브루,커피,16,88000
2025-12-16,카푸치노,라떼/기타,9,45000
2025-12-16,녹차라떼,라떼/기타,13,71500
2025-12-16,초코라떼,라떼/기타,9,49500
2025-12-16,에스프레소,커피,4,14000
2025-12-16,디카페인 아메리카노,커피,4,20000
2025-12-17,아메리카노,커피,70,315000
2025-12-17,카페라떼,라떼/기타,38,190000
2025-12-17,바닐라라떼,라떼/기타,21,115500
2025-12-17,콜드브루,커피,17,93500
2025-12-17,카푸치노,라떼/기타,9,45000
2025-12-17,녹차라떼,라떼/기타,11,60500
2025-12-17,초코라떼,라떼/기타,7,38500
2025-12-17,에스프레소,커피,5,17500
2025-12-17,디카페인 아메리카노,커피,3,15000
2025-12-18,아메리카노,커피,40,180000
2025-12-18,카페라떼,라떼/기타,26,130000
2025-12-18,바닐라라떼,라떼/기타,15,82500
2025-12-18,콜드브루,커피,14,77000
2025-12-18,카푸치노,라떼/기타,12,60000
2025-12-18,녹차라떼,라떼/기타,7,38500
2025-12-18,초코라떼,라떼/기타,7,38500
2025-12-18,에스프레소,커피,7,24500
2025-12-18,디카페인 아메리카노,커피,5,25000
2025-12-19,아메리카노,커피,65,292500
2025-12-19,카페라떼,라떼/기타,27,135000
2025-12-19,바닐라라떼,라떼/기타,22,121000
2025-12-19,콜드브루,커피,15,82500
2025-12-19,카푸치노,라떼/기타,11,55000
2025-12-19,녹차라떼,라떼/기타,8,44000
2025-12-19,초코라떼,라떼/기타,7,38500
2025-12-19,에스프레소,커피,5,17500
2025-12-19,디카페인 아메리카노,커피,5,25000
2025-12-20,아메리카노,커피,105,472500
2025-12-20,카페라떼,라떼/기타,35,175000
2025-12-20,바닐라라떼,라떼/기타,20,110000
2025-12-20,콜드브루,커피,20,110000
2025-12-20,카푸치노,라떼/기타,8,40000
2025-12-20,녹차라떼,라떼/기타,10,55000
2025-12-20,초코라떼,라떼/기타,12,66000
2025-12-20,에스프레소,커피,10,35000
2025-12-20,디카페인 아메리카노,커피,6,30000
2025-12-21,아메리카노,커피,72,324000
2025-12-21,카페라떼,라떼/기타,26,130000
2025-12-21,바닐라라떼,라떼/기타,18,99000
2025-12-21,콜드브루,커피,20,110000
2025-12-21,카푸치노,라떼/기타,13,65000
2025-12-21,녹차라떼,라떼/기타,13,71500
2025-12-21,초코라떼,라떼/기타,12,66000
2025-12-21,에스프레소,커피,6,21000
2025-12-21,디카페인 아메리카노,커피,4,20000
2025-12-22,아메리카노,커피,49,220500
2025-12-22,카페라떼,라떼/기타,45,225000
2025-12-22,바닐라라떼,라떼/기타,20,110000
2025-12-22,콜드브루,커피,12,66000
2025-12-22,카푸치노,라떼/기타,14,70000
2025-12-22,녹차라떼,라떼/기타,9,49500
2025-12-22,초코라떼,라떼/기타,5,27500
2025-12-22,에스프레소,커피,5,17500
2025-12-22,디카페인 아메리카노,커피,5,25000
2025-12-23,아메리카노,커피,56,252000
2025-12-23,카페라떼,라떼/기타,37,185000
2025-12-23,바닐라라떼,라떼/기타,14,77000
2025-12-23,콜드브루,커피,16,88000
2025-12-23,카푸치노,라떼/기타,14,70000
2025-12-23,녹차라떼,라떼/기타,10,55000
2025-12-23,초코라떼,라떼/기타,6,33000
2025-12-23,에스프레소,커피,7,24500
2025-12-23,디카페인 아메리카노,커피,5,25000
2025-12-24,아메리카노,커피,66,297000
2025-12-24,카페라떼,라떼/기타,25,125000
2025-12-24,바닐라라떼,라떼/기타,19,104500
2025-12-24,콜드브루,커피,10,55000
2025-12-24,카푸치노,라떼/기타,13,65000
2025-12-24,녹차라떼,라떼/기타,9,49500
2025-12-24,초코라떼,라떼/기타,9,49500
2025-12-24,에스프레소,커피,4,14000
2025-12-24,디카페인 아메리카노,커피,6,30000
2025-12-25,아메리카노,커피,84,378000
2025-12-25,카페라떼,라떼/기타,38,190000
2025-12-25,바닐라라떼,라떼/기타,23,126500
2025-12-25,콜드브루,커피,20,110000
2025-12-25,카푸치노,라떼/기타,11,55000
2025-12-25,녹차라떼,라떼/기타,13,71500
2025-12-25,초코라떼,라떼/기타,10,55000
2025-12-25,에스프레소,커피,4,14000
2025-12-25,디카페인 아메리카노,커피,4,20000
2025-12-26,아메리카노,커피,62,279000
2025-12-26,카페라떼,라떼/기타,38,190000
2025-12-26,바닐라라떼,라떼/기타,17,93500
2025-12-26,콜드브루,커피,21,115500
2025-12-26,카푸치노,라떼/기타,14,70000
2025-12-26,녹차라떼,라떼/기타,7,38500
2025-12-26,초코라떼,라떼/기타,8,44000
2025-12-26,에스프레소,커피,7,24500
2025-12-26,디카페인 아메리카노,커피,5,25000
2025-12-27,아메리카노,커피,79,355500
2025-12-27,카페라떼,라떼/기타,45,225000
2025-12-27,바닐라라떼,라떼/기타,24,132000
2025-12-27,콜드브루,커피,17,93500
2025-12-27,카푸치노,라떼/기타,18,90000
2025-12-27,녹차라떼,라떼/기타,15,82500
2025-12-27,초코라떼,라떼/기타,13,71500
2025-12-27,에스프레소,커피,11,38500
2025-12-27,디카페인 아메리카노,커피,7,35000
2025-12-28,아메리카노,커피,73,328500
2025-12-28,카페라떼,라떼/기타,47,235000
2025-12-28,바닐라라떼,라떼/기타,23,126500
2025-12-28,콜드브루,커피,22,121000
2025-12-28,카푸치노,라떼/기타,14,70000
2025-12-28,녹차라떼,라떼/기타,11,60500
2025-12-28,초코라떼,라떼/기타,11,60500
2025-12-28,에스프레소,커피,8,28000
2025-12-28,디카페인 아메리카노,커피,5,25000
2025-12-29,아메리카노,커피,47,211500
2025-12-29,카페라떼,라떼/기타,28,140000
2025-12-29,바닐라라떼,라떼/기타,15,82500
2025-12-29,콜드브루,커피,9,49500
2025-12-29,카푸치노,라떼/기타,9,45000
2025-12-29,녹차라떼,라떼/기타,9,49500
2025-12-29,초코라떼,라떼/기타,6,33000
2025-12-29,에스프레소,커피,3,10500
2025-12-29,디카페인 아메리카노,커피,3,15000
2025-12-30,아메리카노,커피,31,139500
2025-12-30,카페라떼,라떼/기타,29,145000
2025-12-30,바닐라라떼,라떼/기타,20,110000
2025-12-30,콜드브루,커피,10,55000
2025-12-30,카푸치노,라떼/기타,8,40000
2025-12-30,녹차라떼,라떼/기타,8,44000
2025-12-30,초코라떼,라떼/기타,5,27500
2025-12-30,에스프레소,커피,5,17500
2025-12-30,디카페인 아메리카노,커피,4,20000
2025-12-31,아메리카노,커피,78,351000
2025-12-31,카페라떼,라떼/기타,39,195000
2025-12-31,바닐라라떼,라떼/기타,23,126500
2025-12-31,콜드브루,커피,23,126500
2025-12-31,카푸치노,라떼/기타,13,65000
2025-12-31,녹차라떼,라떼/기타,10,55000
2025-12-31,초코라떼,라떼/기타,8,44000
2025-12-31,에스프레소,커피,6,21000
2025-12-31,디카페인 아메리카노,커피,5,25000
